OrgId,IncidentId,QueueRank
0,19581,1
0,222,2
0,18005,3
0,74812,4
0,93,5
0,256,6
0,132,7
0,5137,8
0,946,9
0,4464,10
0,3471,11
0,1233,12
0,16997,13
0,8269,14
0,3226,15
0,121,16
0,9543,17
0,7208,18
0,4314,19
0,12554,20
1,298,1
1,273,2
1,16236,3
1,192,4
1,12035,5
1,283,6
1,249,7
1,50,8
1,518,9
1,11,10
1,75,11
1,66,12
1,184,13
1,38,14
1,129165,15
1,249234,16
1,237,17
1,206,18
1,194,19
1,591,20
2,2440,1
2,5708,2
2,33144,3
2,34952,4
2,44058,5
2,47093,6
2,112137,7
2,72474,8
2,134386,9
2,50487,10
2,75641,11
2,83089,12
2,30670,13
2,163865,14
2,190719,15
2,86957,16
2,106461,17
2,144223,18
2,112135,19
2,223559,20
3,63688,1
3,192379,2
3,33203,3
3,48767,4
3,54446,5
3,91233,6
3,135259,7
3,125266,8
3,21106,9
3,135482,10
3,100832,11
3,95894,12
3,72542,13
3,14732,14
3,20739,15
3,52507,16
3,144407,17
3,106567,18
3,134680,19
3,134833,20
4,40786,1
4,44789,2
4,186,3
4,207,4
4,250,5
4,266,6
4,270,7
4,280,8
4,291,9
4,397,10
4,401,11
4,398,12
4,467,13
4,637,14
4,1024,15
4,1602,16
4,1512,17
4,1418,18
4,1552,19
4,1198,20
5,32281,1
5,69460,2
5,134444,3
5,118439,4
5,54391,5
5,134503,6
5,72466,7
5,543,8
5,265074,9
5,265180,10
5,265076,11
5,175966,12
5,190818,13
5,207476,14
5,475,15
5,265121,16
5,265096,17
5,265116,18
5,265089,19
5,265169,20
6,138020,1
6,181325,2
6,181050,3
6,181177,4
6,247555,5
6,379281,6
6,167931,7
6,181387,8
6,137813,9
6,524727,10
6,524679,11
6,524827,12
6,21990,13
6,524293,14
6,524826,15
6,67314,16
6,524605,17
6,379144,18
6,379204,19
6,102561,20
7,31533,1
7,35989,2
7,106546,3
7,18727,4
7,72494,5
7,52544,6
7,79042,7
7,63949,8
7,9878,9
7,167,10
7,181,11
7,2707,12
7,2684,13
7,2636,14
7,2869,15
7,1833,16
7,1731,17
7,2954,18
7,3007,19
7,3071,20
8,16145,1
8,24706,2
8,92252,3
8,47541,4
8,7656,5
8,211836,6
8,229222,7
8,146610,8
8,167812,9
8,92237,10
8,107771,11
8,16405,12
8,137663,13
8,146458,14
8,12083,15
8,26950,16
8,167735,17
8,146385,18
8,12930,19
8,23760,20
9,55883,1
9,60467,2
9,68641,3
9,60468,4
9,104984,5
9,104980,6
9,105048,7
9,110367,8
9,89978,9
9,123094,10
9,81920,11
9,245,12
9,128,13
9,81926,14
9,99251,15
9,610,16
9,160426,17
9,65722,18
9,68642,19
9,116809,20
10,29961,1
10,140856,2
10,48222,3
10,58459,4
10,95071,5
10,53638,6
10,109344,7
10,160466,8
10,117241,9
10,171240,10
10,21329,11
10,71902,12
10,122223,13
10,172550,14
10,65541,15
10,48258,16
10,71670,17
10,340340,18
10,116168,19
10,46525,20
12,18782,1
12,42937,2
12,16372,3
12,16623,4
12,30860,5
12,145599,6
12,56815,7
12,195674,8
12,64118,9
12,101937,10
12,154376,11
12,145563,12
12,119625,13
12,145581,14
12,126429,15
12,56806,16
12,126401,17
12,178704,18
12,136655,19
12,246121,20
13,1114,1
13,1420,2
13,155467,3
13,21986,4
13,8247,5
13,102588,6
13,561508,7
13,56996,8
13,10099,9
13,29476,10
13,12211,11
13,4458,12
13,6660,13
13,378643,14
13,9669,15
13,9233,16
13,8693,17
13,7195,18
13,12935,19
13,8692,20
14,10017,1
14,1185,2
14,1365,3
14,5411,4
14,5330,5
14,16112,6
14,705,7
14,6691,8
14,35063,9
14,1573,10
14,1868,11
14,1604,12
14,1991,13
14,1535,14
14,1463,15
14,1519,16
14,1892,17
14,1554,18
14,469,19
14,2119,20
16,150857,1
16,188017,2
16,53823,3
16,62721,4
16,150022,5
16,141709,6
16,11083,7
16,13481,8
16,82125,9
16,290770,10
16,239271,11
16,240481,12
16,20589,13
16,30489,14
16,123012,15
16,89864,16
16,150785,17
16,172655,18
16,239192,19
16,62842,20
17,269,1
17,153198,2
17,194724,3
17,135778,4
17,79375,5
17,472,6
17,39173,7
17,112780,8
17,75809,9
17,35053,10
17,79383,11
17,153357,12
17,118837,13
17,63842,14
17,33253,15
17,58871,16
17,118846,17
17,75808,18
17,54571,19
17,37003,20
18,23381,1
18,2658,2
18,47916,3
18,5846,4
18,7947,5
18,12531,6
18,51358,7
18,8051,8
18,7666,9
18,26496,10
18,5621,11
18,51356,12
18,11153,13
18,65027,14
18,9907,15
18,10522,16
18,12676,17
18,13306,18
18,14644,19
18,70817,20
19,36518,1
19,26574,2
19,13152,3
19,18908,4
19,19556,5
19,20234,6
19,11643,7
19,16729,8
19,20240,9
19,19204,10
19,22102,11
19,15821,12
19,20957,13
19,13793,14
19,9468,15
19,25422,16
19,22991,17
19,23440,18
19,11882,19
19,15404,20
20,23829,1
20,73760,2
20,55259,3
20,471,4
20,583,5
20,664,6
20,803,7
20,2066,8
20,2992,9
20,2674,10
20,2922,11
20,3125,12
20,3349,13
20,3149,14
20,3637,15
20,3560,16
20,3559,17
20,3263,18
20,3914,19
20,3803,20
22,436,1
22,14025,2
22,43864,3
22,8660,4
22,124187,5
22,506,6
22,33943,7
22,271,8
22,933,9
22,154,10
22,65,11
22,95227,12
22,111458,13
22,366,14
22,457,15
22,614,16
22,491180,17
22,491156,18
22,491187,19
22,491154,20
26,4610,1
26,4765,2
26,7853,3
26,3254,4
26,8772,5
26,11081,6
26,4788,7
26,12399,8
26,1522,9
26,6375,10
26,4719,11
26,14318,12
26,29702,13
26,8265,14
26,4652,15
26,19879,16
26,12398,17
26,4819,18
26,7072,19
26,10359,20
27,136172,1
27,245083,2
27,312278,3
27,312277,4
27,271374,5
27,370048,6
27,370164,7
27,245092,8
27,511877,9
27,510945,10
27,511380,11
27,558987,12
27,312209,13
27,370069,14
27,369978,15
27,370107,16
27,511198,17
27,510911,18
27,559013,19
27,370373,20
28,321173,1
28,79966,2
28,321355,3
28,211268,4
28,154857,5
28,246913,6
28,227757,7
28,321262,8
28,228027,9
28,520841,10
28,520238,11
28,211319,12
28,10758,13
28,11213,14
28,79988,15
28,52881,16
28,87952,17
28,13070,18
28,137393,19
28,196788,20
29,63384,1
29,3013,2
29,3136,3
29,162801,4
29,56342,5
29,175157,6
29,242647,7
29,86770,8
29,106183,9
29,263881,10
29,111753,11
29,7052,12
29,7962,13
29,8928,14
29,263991,15
29,190064,16
29,175083,17
29,10072,18
29,9636,19
29,10458,20
30,4831,1
30,113176,2
30,5866,3
30,6326,4
30,9098,5
30,165418,6
30,209791,7
30,5331,8
30,209761,9
30,4410,10
30,145250,11
30,58963,12
30,42879,13
30,165442,14
30,23219,15
30,40378,16
30,209754,17
30,87465,18
30,126033,19
30,36081,20
32,4353,1
32,5527,2
32,6413,3
32,55687,4
32,122427,5
32,53680,6
32,116189,7
32,185529,8
32,149340,9
32,338018,10
32,216952,11
32,158951,12
32,185431,13
32,237653,14
32,109614,15
32,93848,16
32,217074,17
32,216929,18
32,40941,19
32,8992,20
33,105848,1
33,95157,2
33,50220,3
33,162193,4
33,18347,5
33,100070,6
33,41255,7
33,54100,8
33,42527,9
33,28535,10
33,56215,11
33,72049,12
33,72084,13
33,11662,14
33,13002,15
33,17256,16
33,15421,17
33,78638,18
33,151595,19
33,241712,20
34,333274,1
34,93129,2
34,567291,3
34,533929,4
34,599197,5
34,599172,6
34,599171,7
34,214622,8
34,533932,9
34,599175,10
34,533993,11
34,282447,12
34,214602,13
34,77193,14
34,147886,15
34,280367,16
34,3090,17
34,4529,18
34,7944,19
34,11995,20
36,212316,1
36,127664,2
36,276660,3
36,562255,4
36,562401,5
36,562314,6
36,562227,7
36,562257,8
36,562405,9
36,562218,10
36,562300,11
36,562304,12
36,562266,13
36,562384,14
36,562338,15
36,562343,16
36,562291,17
36,562288,18
36,562393,19
36,198229,20
37,89147,1
37,4400,2
37,1116,3
37,7668,4
37,2659,5
37,1255,6
37,3283,7
37,32787,8
37,121995,9
37,2917,10
37,3575,11
37,7527,12
37,47978,13
37,5338,14
37,51512,15
37,3588,16
37,20533,17
37,25916,18
37,27107,19
37,12392,20
38,172868,1
38,203674,2
38,94417,3
38,257919,4
38,289446,5
38,288517,6
38,455879,7
38,456225,8
38,454689,9
38,455636,10
38,550422,11
38,341426,12
38,454525,13
38,239644,14
38,239403,15
38,239388,16
38,239402,17
38,258858,18
38,258199,19
38,1261,20
39,16956,1
39,35474,2
39,42124,3
39,121713,4
39,14813,5
39,47926,6
39,665,7
39,9773,8
39,88980,9
39,215660,10
39,28345,11
39,235657,12
39,170218,13
39,235675,14
39,46288,15
39,26507,16
39,128811,17
39,62252,18
39,148393,19
39,19856,20
40,145615,1
40,246293,2
40,210425,3
40,52760,4
40,515135,5
40,515247,6
40,515248,7
40,515120,8
40,515212,9
40,374039,10
40,559646,11
40,559643,12
40,515195,13
40,226557,14
40,4947,15
40,79776,16
40,559661,17
40,16126,18
40,515194,19
40,126397,20
41,64001,1
41,209981,2
41,126228,3
41,371990,4
41,371322,5
41,371954,6
41,371338,7
41,371859,8
41,372016,9
41,371868,10
41,76054,11
41,514581,12
41,66867,13
41,226428,14
41,101751,15
41,313108,16
41,372008,17
41,245641,18
41,372010,19
41,372012,20
42,4780,1
42,15213,2
42,27787,3
42,3,4
42,81637,5
42,391,6
42,3917,7
42,85669,8
42,32036,9
42,116377,10
42,71375,11
42,104647,12
42,57919,13
42,109902,14
42,202305,15
42,185893,16
42,171921,17
42,116379,18
42,116380,19
42,53722,20
43,11669,1
43,86814,2
43,190250,3
43,111867,4
43,106270,5
43,555516,6
43,222902,7
43,222841,8
43,207005,9
43,75523,10
43,12152,11
43,207000,12
43,295555,13
43,163137,14
43,499021,15
43,243001,16
43,499022,17
43,499000,18
43,498848,19
43,295651,20
44,3639,1
44,3132,2
44,3511,3
44,14300,4
44,4102,5
44,3177,6
44,7745,7
44,6020,8
44,7481,9
44,5949,10
44,6512,11
44,7319,12
44,7786,13
44,7274,14
44,5748,15
44,6799,16
44,7665,17
44,7436,18
44,7941,19
44,8097,20
45,127974,1
45,67535,2
45,84566,3
45,213240,4
45,114699,5
45,23334,6
45,70460,7
45,49288,8
45,385151,9
45,59657,10
45,108362,11
45,108269,12
45,138674,13
45,103180,14
45,28893,15
45,37260,16
45,44611,17
45,248715,18
45,46040,19
45,61879,20
46,7806,1
46,7809,2
46,8005,3
46,8521,4
46,9718,5
46,5896,6
46,294235,7
46,294274,8
46,143400,9
46,54213,10
46,56301,11
46,90787,12
46,90764,13
46,124356,14
46,34847,15
46,352418,16
46,206507,17
46,352270,18
46,3506,19
46,4724,20
47,26809,1
47,34976,2
47,26810,3
47,24121,4
47,1015,5
47,14726,6
47,605,7
47,1265,8
47,2593,9
47,2764,10
47,3072,11
47,2891,12
47,3624,13
47,3364,14
47,3653,15
47,17577,16
47,7128,17
47,8182,18
47,7632,19
47,4477,20
48,89716,1
48,89715,2
48,81706,3
48,77869,4
48,339443,5
48,451154,6
48,452929,7
48,447857,8
48,450656,9
48,94142,10
48,94118,11
48,159708,12
48,186162,13
48,186154,14
48,186180,15
48,186169,16
48,203028,17
48,202863,18
48,202790,19
48,202796,20
49,476037,1
49,476175,2
49,29151,3
49,241044,4
49,188360,5
49,188855,6
49,27873,7
49,174055,8
49,292470,9
49,86317,10
49,132714,11
49,51911,12
49,94882,13
49,161471,14
49,132584,15
49,173879,16
49,161542,17
49,94841,18
49,123681,19
49,220679,20
51,11627,1
51,138880,2
51,53361,3
51,5519,4
51,147634,5
51,169134,6
51,103359,7
51,3719,8
51,3889,9
51,4211,10
51,4386,11
51,3707,12
51,4609,13
51,4544,14
51,5391,15
51,5520,16
51,6142,17
51,6209,18
51,6444,19
51,6208,20
52,47386,1
52,1823,2
52,17377,3
52,8362,4
52,79879,5
52,23721,6
52,66998,7
52,52819,8
52,32457,9
52,31644,10
52,83745,11
52,38176,12
52,49018,13
52,47440,14
52,45841,15
52,1691,16
52,67069,17
52,145646,18
52,1912,19
52,45831,20
53,6324,1
53,667,2
53,58887,3
53,3910,4
53,18433,5
53,33261,6
53,30782,7
53,52570,8
53,58879,9
53,32398,10
53,1719,11
53,1629,12
53,1721,13
53,1822,14
53,1730,15
53,1821,16
53,1867,17
53,1866,18
53,1760,19
53,1112,20
54,127801,1
54,92613,2
54,43185,3
54,528271,4
54,527386,5
54,381507,6
54,155995,7
54,277485,8
54,57219,9
54,138464,10
54,381668,11
54,381595,12
54,527197,13
54,527384,14
54,563095,15
54,11611,16
54,13110,17
54,326595,18
54,326628,19
54,326504,20
55,145790,1
55,154575,2
55,154563,3
55,196168,4
55,227009,5
55,87773,6
55,374604,7
55,516839,8
55,516827,9
55,516841,10
55,517006,11
55,516847,12
55,515512,13
55,516862,14
55,516828,15
55,227169,16
55,517094,17
55,273714,18
55,179362,19
55,316727,20
56,4717,1
56,41940,2
56,5089,3
56,84459,4
56,114598,5
56,12237,6
56,277901,7
56,57297,8
56,156163,9
56,20488,10
56,168888,11
56,168716,12
56,97461,13
56,382477,14
56,327270,15
56,277986,16
56,6406,17
56,530129,18
56,530810,19
56,530571,20
57,496775,1
57,498415,2
57,175224,3
57,66369,4
57,295467,5
57,175409,6
57,18685,7
57,206685,8
57,242946,9
57,190186,10
57,264073,11
57,23096,12
57,6030,13
57,56399,14
57,242868,15
57,95600,16
57,175398,17
57,9411,18
57,31397,19
57,163127,20
59,145933,1
59,274140,2
59,518402,3
59,50885,4
59,79935,5
59,179807,6
59,47468,7
59,274196,8
59,83888,9
59,166583,10
59,79960,11
59,196513,12
59,211008,13
59,211048,14
59,227601,15
59,319691,16
59,246677,17
59,246675,18
59,246687,19
59,246678,20
64,9825,1
64,47693,2
64,19483,3
64,24301,4
64,24766,5
64,84448,6
64,37273,7
64,39536,8
64,17424,9
64,80534,10
64,59594,11
64,31768,12
64,51172,13
64,24293,14
64,8760,15
64,7517,16
64,5674,17
64,41961,18
64,38360,19
64,59651,20
65,507814,1
65,507867,2
65,508014,3
65,556871,4
65,556919,5
65,112731,6
65,112732,7
65,11701,8
65,69610,9
65,61209,10
65,366568,11
65,153072,12
65,91342,13
65,91343,14
65,63822,15
65,75791,16
65,112734,17
65,50611,18
65,75798,19
65,125551,20
67,561221,1
67,321612,2
67,321559,3
67,321443,4
67,595385,5
67,595481,6
67,561220,7
67,211441,8
67,180605,9
67,76377,10
67,76383,11
67,377009,12
67,33388,13
67,67185,14
67,18183,15
67,228325,16
67,167293,17
67,321577,18
67,321555,19
67,321449,20
68,270142,1
68,244356,2
68,556586,3
68,556593,4
68,556590,5
68,556589,6
68,556587,7
68,270306,8
68,361859,9
68,506837,10
68,506125,11
68,224340,12
68,112647,13
68,144518,14
68,144512,15
68,224435,16
68,1426,17
68,83252,18
68,257,19
68,135573,20
69,99799,1
69,65881,2
69,13487,3
69,51930,4
69,65913,5
69,68787,6
69,71830,7
69,52020,8
69,123810,9
69,110907,10
69,188850,11
69,50055,12
69,205251,13
69,82269,14
69,151175,15
69,117431,16
69,117374,17
69,142788,18
69,188887,19
69,142761,20
70,82389,1
70,90390,2
70,123775,3
70,161640,4
70,142906,5
70,82395,6
70,82391,7
70,142951,8
70,161660,9
70,151248,10
70,174074,11
70,39990,12
70,50104,13
70,71891,14
70,78472,15
70,161669,16
70,82387,17
70,161630,18
70,241144,19
70,132870,20
71,49314,1
71,37261,2
71,22015,3
71,59603,4
71,8560,5
71,10277,6
71,28919,7
71,4194,8
71,27628,9
71,18229,10
71,53176,11
71,64673,12
71,57239,13
71,35345,14
71,36298,15
71,15162,16
71,44610,17
71,57326,18
71,5359,19
71,5358,20
73,46276,1
73,93264,2
73,121670,3
73,28337,4
73,81067,5
73,128748,6
73,148359,7
73,148361,8
73,250792,9
73,103736,10
73,115383,11
73,6410,12
73,235379,13
73,200547,14
73,200546,15
73,393816,16
73,170087,17
73,536140,18
73,88953,19
73,28340,20
74,31940,1
74,148950,2
74,32797,3
74,3392,4
74,17976,5
74,852,6
74,23893,7
74,16004,8
74,148999,9
74,71131,10
74,33686,11
74,1238,12
74,35530,13
74,44882,14
74,65269,15
74,8711,16
74,53541,17
74,44881,18
74,115789,19
74,89172,20
76,147,1
76,91549,2
76,16849,3
76,209394,4
76,728,5
76,27479,6
76,87335,7
76,75891,8
76,194824,9
76,144854,10
76,195146,11
76,106907,12
76,512636,13
76,113109,14
76,369835,15
76,101627,16
76,369833,17
76,369840,18
76,370505,19
76,271063,20
77,63227,1
77,174466,2
77,241799,3
77,189394,4
77,205748,5
77,82637,6
77,105829,7
77,241800,8
77,490978,9
77,221417,10
77,162289,11
77,162238,12
77,60790,13
77,40058,14
77,124058,15
77,10622,16
77,262619,17
77,162228,18
77,86519,19
77,293503,20
78,153620,1
78,510401,2
78,271107,3
78,271083,4
78,209463,5
78,44232,6
78,48863,7
78,72698,8
78,79471,9
78,83402,10
78,87349,11
78,91454,12
78,96115,13
78,225724,14
78,135998,15
78,225629,16
78,177954,17
78,510777,18
78,194906,19
78,271193,20
81,40177,1
81,207124,2
81,44009,3
81,111917,4
81,223011,5
81,243085,6
81,118179,7
81,143793,8
81,223028,9
81,124779,10
81,152384,11
81,355774,12
81,175525,13
81,45444,14
81,499141,15
81,207121,16
81,134192,17
81,134140,18
81,295734,19
81,143870,20
82,4535,1
82,69228,2
82,90773,3
82,43915,4
82,46939,5
82,14512,6
82,34856,7
82,13,8
82,16274,9
82,60908,10
82,21032,11
82,33071,12
82,54219,13
82,15850,14
82,22603,15
82,493,16
82,21399,17
82,42579,18
82,37795,19
82,3457,20
84,95279,1
84,222035,2
84,189549,3
84,351428,4
84,492301,5
84,41300,6
84,42554,7
84,52123,8
84,43873,9
84,54159,10
84,242254,11
84,293747,12
84,100179,13
84,492148,14
84,221961,15
84,293767,16
84,293765,17
84,293622,18
84,293776,19
84,293619,20
85,113671,1
85,21953,2
85,375825,3
85,375678,4
85,375822,5
85,375779,6
85,375841,7
85,375814,8
85,375423,9
85,375615,10
85,375816,11
85,375900,12
85,375679,13
85,375826,14
85,375889,15
85,375684,16
85,375851,17
85,375817,18
85,375590,19
85,375879,20
86,49821,1
86,218161,2
86,130231,3
86,122753,4
86,104725,5
86,27791,6
86,159454,7
86,159413,8
86,16027,9
86,16028,10
86,22999,11
86,33763,12
86,33762,13
86,45020,14
86,238309,15
86,57930,16
86,5044,17
86,202562,18
86,110009,19
86,122758,20
87,151951,1
87,78775,2
87,494898,3
87,351891,4
87,263168,5
87,9793,6
87,175003,7
87,19279,8
87,17526,9
87,40104,10
87,60907,11
87,72259,12
87,90792,13
87,95419,14
87,95336,15
87,82740,16
87,111578,17
87,111688,18
87,111693,19
87,143504,20
91,576,1
91,19634,2
91,29238,3
91,38987,4
91,63423,5
91,21425,6
91,100456,7
91,15859,8
91,75496,9
91,7373,10
91,17536,11
91,7456,12
91,12728,13
91,45430,14
91,152094,15
91,36808,16
91,78854,17
91,22215,18
91,50419,19
91,82919,20
92,123739,1
92,46736,2
92,33880,3
92,90308,4
92,51952,5
92,99797,6
92,9129,7
92,978,8
92,1173,9
92,1663,10
92,18928,11
92,1356,12
92,63022,13
92,51955,14
92,65914,15
92,6519,16
92,3099,17
92,3195,18
92,132818,19
92,86322,20
93,28573,1
93,95519,2
93,54277,3
93,6190,4
93,95504,5
93,10,6
93,95508,7
93,78839,8
93,42616,9
93,33992,10
93,43958,11
93,21413,12
93,46998,13
93,50382,14
93,23544,15
93,72315,16
93,48594,17
93,46999,18
93,16280,19
93,118067,20
95,49509,1
95,321,2
95,128484,3
95,4853,4
95,65035,5
95,59901,6
95,15184,7
95,36420,8
95,7750,9
95,7523,10
95,10694,11
95,11996,12
95,12109,13
95,10127,14
95,5478,15
95,14980,16
95,15378,17
95,14808,18
95,15779,19
95,19175,20
96,90444,1
96,17251,2
96,132940,3
96,28524,4
96,143007,5
96,205447,6
96,45269,7
96,292882,8
96,105689,9
96,205414,10
96,161841,11
96,17250,12
96,344717,13
96,189129,14
96,205446,15
96,241473,16
96,292870,17
96,292886,18
96,292968,19
96,344710,20
97,98385,1
97,3266,2
97,93635,3
97,149048,4
97,149047,5
97,252528,6
97,252468,7
97,216476,8
97,216498,9
97,216469,10
97,336349,11
97,216485,12
97,216502,13
97,74369,14
97,544351,15
97,140681,16
97,149054,17
97,236771,18
97,171194,19
97,171201,20
98,31353,1
98,905,2
98,90655,3
98,27921,4
98,293679,5
98,162447,6
98,293602,7
98,348372,8
98,346811,9
98,350851,10
98,350677,11
98,347660,12
98,347271,13
98,350647,14
98,346656,15
98,350821,16
98,350559,17
98,348482,18
98,349064,19
98,346580,20
99,88559,1
99,156223,2
99,103132,3
99,73694,4
99,327679,5
99,168924,6
99,103130,7
99,147306,8
99,531191,9
99,531227,10
99,531190,11
99,384731,12
99,384694,13
99,278314,14
99,278316,15
99,327668,16
99,327695,17
99,384738,18
99,384711,19
99,384616,20
100,1382,1
100,21117,2
100,11815,3
100,83279,4
100,23184,5
100,75771,6
100,11301,7
100,20061,8
100,34115,9
100,3144,10
100,5863,11
100,31532,12
100,56571,13
100,23189,14
100,42786,15
100,45609,16
100,10017,17
100,63814,18
100,47185,19
100,50606,20
102,1160,1
102,53450,2
102,8381,3
102,215461,4
102,12390,5
102,55436,6
102,59987,7
102,250966,8
102,283329,9
102,93276,10
102,19857,11
102,9688,12
102,14128,13
102,35472,14
102,128786,15
102,40823,16
102,70883,17
102,157422,18
102,157401,19
102,77298,20
103,93052,1
103,15377,2
103,34510,3
103,183440,4
103,114990,5
103,93126,6
103,22051,7
103,11863,8
103,22457,9
103,9244,10
103,9981,11
103,15990,12
103,14802,13
103,12960,14
103,43351,15
103,4460,16
103,93097,17
103,27083,18
103,73930,19
103,44768,20
105,89044,1
105,30382,2
105,115564,3
105,70968,4
105,51468,5
105,283966,6
105,216026,7
105,252109,8
105,184654,9
105,283963,10
105,170640,11
105,139874,12
105,184768,13
105,283788,14
105,236237,15
105,139942,16
105,85123,17
105,98164,18
105,109046,19
105,93453,20
106,130659,1
106,104819,2
106,71479,3
106,186348,4
106,110201,5
106,85779,6
106,110191,7
106,150065,8
106,27824,9
106,85818,10
106,33790,11
106,150036,12
106,30486,13
106,1077,14
106,1274,15
106,42335,16
106,34671,17
106,57995,18
106,20588,19
106,45059,20
107,68507,1
107,122927,2
107,99055,3
107,110207,4
107,172456,5
107,218709,6
107,203318,7
107,29102,8
107,116606,9
107,94257,10
107,94259,11
107,150126,12
107,99037,13
107,55821,14
107,104875,15
107,94250,16
107,19571,17
107,71515,18
107,150070,19
107,218657,20
108,144816,1
108,209406,2
108,39187,3
108,194787,4
108,28093,5
108,165045,6
108,66683,7
108,69657,8
108,10932,9
108,177762,10
108,106830,11
108,112912,12
108,153463,13
108,135814,14
108,135935,15
108,112920,16
108,112858,17
108,144756,18
108,112940,19
108,144842,20
109,12380,1
109,67681,2
109,38466,3
109,27060,4
109,92859,5
109,44688,6
109,59719,7
109,108440,8
109,3043,9
109,67677,10
109,169056,11
109,156346,12
109,183040,13
109,55289,14
109,80723,15
109,38439,16
109,43273,17
109,147413,18
109,42017,19
109,121051,20
111,8,1
111,55935,2
111,45129,3
111,86042,4
111,3098,5
111,74888,6
111,1628,7
111,23028,8
111,1717,9
111,476,10
111,45139,11
111,46677,12
111,9615,13
111,71679,14
111,53904,15
111,82060,16
111,71681,17
111,24950,18
111,28486,19
111,55938,20
112,296569,1
112,144278,2
112,556339,3
112,360744,4
112,360740,5
112,360742,6
112,556327,7
112,556333,8
112,163958,9
112,176081,10
112,207781,11
112,207639,12
112,207640,13
112,360774,14
112,360765,15
112,360799,16
112,360699,17
112,360773,18
112,360698,19
112,223847,20
113,44198,1
113,106710,2
113,101420,3
113,47186,4
113,42784,5
113,125673,6
113,1265,7
113,11814,8
113,13224,9
113,12061,10
113,54445,11
113,12288,12
113,35981,13
113,58888,14
113,38068,15
113,3871,16
113,1442,17
113,6501,18
113,14230,19
113,20684,20
114,48812,1
114,4201,2
114,48842,3
114,676,4
114,14390,5
114,33262,6
114,66670,7
114,44215,8
114,42802,9
114,48841,10
114,44194,11
114,30754,12
114,2228,13
114,3727,14
114,1906,15
114,26865,16
114,21132,17
114,42829,18
114,31540,19
114,7973,20
118,126661,1
118,4959,2
118,9036,3
118,8751,4
118,8363,5
118,79893,6
118,54867,7
118,13241,8
118,79915,9
118,1528,10
118,2209,11
118,3239,12
118,3260,13
118,3336,14
118,4540,15
118,7307,16
118,17112,17
118,36154,18
118,50865,19
118,42991,20
121,141500,1
121,116483,2
121,130272,3
121,159476,4
121,441617,5
121,441645,6
121,202476,7
121,255529,8
121,98913,9
121,441565,10
121,255557,11
121,217922,12
121,186056,13
121,243,14
121,5062,15
121,29755,16
121,202470,17
121,202471,18
121,43611,19
121,71410,20
122,22413,1
122,168595,2
122,277476,3
122,38350,4
122,168685,5
122,30268,6
122,528053,7
122,277837,8
122,39501,9
122,1264,10
122,147115,11
122,248322,12
122,182386,13
122,108159,14
122,76807,15
122,92651,16
122,138467,17
122,182263,18
122,84381,19
122,34383,20
123,11462,1
123,90885,2
123,206890,3
123,82907,4
123,264122,5
123,295385,6
123,544,7
123,498539,8
123,242677,9
123,206897,10
123,143622,11
123,152084,12
123,222519,13
123,34901,14
123,242758,15
123,25027,16
123,152075,17
123,152065,18
123,175249,19
123,175246,20
124,130873,1
124,116724,2
124,172575,3
124,186596,4
124,104997,5
124,74741,6
124,32923,7
124,78011,8
124,141884,9
124,81881,10
124,203502,11
124,648,12
124,53817,13
124,123124,14
124,68591,15
124,150189,16
124,123074,17
124,340326,18
124,68551,19
124,186584,20
125,30456,1
125,1105,2
125,77790,3
125,12838,4
125,85620,5
125,22983,6
125,15001,7
125,51672,8
125,14834,9
125,130008,10
125,31173,11
125,12549,12
125,31168,13
125,65514,14
125,22984,15
125,129985,16
125,129986,17
125,10705,18
125,10988,19
125,55711,20
126,174605,1
126,10302,2
126,10153,3
126,1428,4
126,492254,5
126,491585,6
126,491586,7
126,491601,8
126,554061,9
126,189509,10
126,293592,11
126,189488,12
126,14688,13
126,19603,14
126,189476,15
126,242070,16
126,54154,17
126,54148,18
126,60829,19
126,63270,20
129,124475,1
129,31383,2
129,78820,3
129,16056,4
129,86758,5
129,12428,6
129,206736,7
129,2615,8
129,352616,9
129,54252,10
129,263775,11
129,494960,12
129,352847,13
129,495504,14
129,494959,15
129,23080,16
129,100375,17
129,106132,18
129,106182,19
129,117992,20
130,241229,1
130,45240,2
130,117536,3
130,99887,4
130,82409,5
130,161685,6
130,35756,7
130,65982,8
130,50133,9
130,78488,10
130,142974,11
130,35759,12
130,22177,13
130,241257,14
130,27891,15
130,174133,16
130,51993,17
130,261682,18
130,476589,19
130,161794,20
132,62378,1
132,74347,2
132,53581,3
132,49660,4
132,43493,5
132,85352,6
132,104131,7
132,29017,8
132,89248,9
132,104160,10
132,51552,11
132,149029,12
132,68172,13
132,115854,14
132,81271,15
132,62424,16
132,53545,17
132,46365,18
132,46385,19
132,71124,20
133,77908,1
133,35648,2
133,68603,3
133,32087,4
133,122930,5
133,98953,6
133,42410,7
133,99340,8
133,60516,9
133,173444,10
133,27797,11
133,116921,12
133,45069,13
133,9706,14
133,11770,15
133,14006,16
133,36586,17
133,46644,18
133,34710,19
133,18318,20
134,65450,1
134,57840,2
134,57839,3
134,129663,4
134,77669,5
134,336868,6
134,22100,7
134,336867,8
134,37508,9
134,89417,10
134,253082,11
134,27763,12
134,31993,13
134,116149,14
134,89441,15
134,158591,16
134,39784,17
134,89442,18
134,98604,19
134,81465,20
135,21683,1
135,12009,2
135,185270,3
135,140949,4
135,68266,5
135,140945,6
135,74437,7
135,140915,8
135,68256,9
135,43533,10
135,77642,11
135,85477,12
135,11876,13
135,68261,14
135,81432,15
135,85481,16
135,10703,17
135,60214,18
135,29707,19
135,10050,20
136,270937,1
136,177891,2
136,509094,3
136,177876,4
136,509784,5
136,101411,6
136,509793,7
136,509888,8
136,509902,9
136,509249,10
136,509166,11
136,61,12
136,509878,13
136,96062,14
136,119004,15
136,509541,16
136,509792,17
136,509301,18
136,135896,19
136,509655,20
137,46139,1
137,55287,2
137,80726,3
137,47806,4
137,121102,5
137,121081,6
137,80691,7
137,24321,8
137,40743,9
137,34458,10
137,5389,11
137,12956,12
137,15368,13
137,77008,14
137,3768,15
137,46154,16
137,53294,17
137,70627,18
137,16442,19
137,183041,20
138,53882,1
138,110571,2
138,99392,3
138,240123,4
138,131315,5
138,55914,6
138,68685,7
138,90036,8
138,116922,9
138,82050,10
138,99418,11
138,62871,12
138,150541,13
138,123315,14
138,160556,15
138,173240,16
138,90057,17
138,94499,18
138,14844,19
138,15224,20
140,236187,1
140,283869,2
140,252070,3
140,283901,4
140,215949,5
140,236137,6
140,36446,7
140,43429,8
140,43430,9
140,335946,10
140,251996,11
140,236185,12
140,215902,13
140,170646,14
140,396085,15
140,236108,16
140,201149,17
140,335941,18
140,236149,19
140,236195,20
141,117870,1
141,36755,2
141,106127,3
141,100373,4
141,37812,5
141,52194,6
141,979,7
141,66235,8
141,58541,9
141,50330,10
141,86709,11
141,111573,12
141,106093,13
141,72255,14
141,3788,15
141,9630,16
141,111575,17
141,90702,18
141,4280,19
141,133505,20
142,238040,1
142,338366,2
142,440662,3
142,338296,4
142,98796,5
142,122622,6
142,109881,7
142,238035,8
142,185783,9
142,130112,10
142,31184,11
142,31185,12
142,32030,13
142,255191,14
142,159274,15
142,338329,16
142,338421,17
142,338445,18
142,2986,19
142,202239,20
143,6410,1
143,215697,2
143,164,3
143,85030,4
143,411,5
143,47923,6
143,334889,7
143,18887,8
143,215398,9
143,537952,10
143,535928,11
143,251082,12
143,538065,13
143,250860,14
143,235641,15
143,577339,16
143,577357,17
143,200774,18
143,200762,19
143,537994,20
144,92423,1
144,155712,2
144,64562,3
144,127602,4
144,76676,5
144,49236,6
144,120612,7
144,39463,8
144,76627,9
144,61723,10
144,73390,11
144,64512,12
144,53071,13
144,51062,14
144,43150,15
144,61717,16
144,43125,17
144,14437,18
144,64574,19
144,28861,20
145,32247,1
145,295822,2
145,223211,3
145,36842,4
145,58699,5
145,91011,6
145,499460,7
145,24529,8
145,499789,9
145,499812,10
145,499672,11
145,499703,12
145,61045,13
145,243632,14
145,63506,15
145,295808,16
145,356584,17
145,356607,18
145,356591,19
145,499430,20
147,69266,1
147,111686,2
147,118025,3
147,263845,4
147,37821,5
147,263843,6
147,222414,7
147,222421,8
147,222426,9
147,352851,10
147,19627,11
147,72281,12
147,82867,13
147,82871,14
147,82868,15
147,133799,16
147,133824,17
147,133829,18
147,133788,19
147,295260,20
149,10388,1
149,10562,2
149,28662,3
149,56538,4
149,11385,5
149,30709,6
149,24579,7
149,45535,8
149,23637,9
149,30031,10
149,17071,11
149,19687,12
149,15272,13
149,5694,14
149,21888,15
149,18724,16
149,79164,17
149,48783,18
149,35023,19
149,3072,20
150,57364,1
150,47759,2
150,59715,3
150,55252,4
150,278491,5
150,9597,6
150,598465,7
150,6765,8
150,22432,9
150,84550,10
150,38439,11
150,80628,12
150,6408,13
150,4718,14
150,7894,15
150,13118,16
150,128022,17
150,46114,18
150,114682,19
150,67665,20
151,128848,1
151,170419,2
151,184423,3
151,103779,4
151,215704,5
151,70897,6
151,283654,7
151,335552,8
151,283586,9
151,55441,10
151,93318,11
151,537452,12
151,335555,13
151,335566,14
151,47932,15
151,235604,16
151,10211,17
151,12113,18
151,14814,19
151,16466,20
152,13879,1
152,12908,2
152,11208,3
152,17104,4
152,17613,5
152,17378,6
152,23716,7
152,17374,8
152,19067,9
152,36147,10
152,1087,11
152,4025,12
152,3989,13
152,1451,14
152,1131,15
152,21553,16
152,20422,17
152,19420,18
152,10659,19
152,17877,20
154,109345,1
154,36480,2
154,22943,3
154,60170,4
154,74374,5
154,62447,6
154,44905,7
154,89311,8
154,39748,9
154,109322,10
154,65377,11
154,77594,12
154,62426,13
154,81330,14
154,34583,15
154,68160,16
154,89282,17
154,53577,18
154,85394,19
154,18577,20
156,116204,1
156,98662,2
156,237727,3
156,237735,4
156,237582,5
156,34622,6
156,201926,7
156,149421,8
156,116237,9
156,158989,10
156,547563,11
156,254493,12
156,109703,13
156,171643,14
156,217122,15
156,46480,16
156,93869,17
156,53693,18
156,122429,19
156,85563,20
158,16947,1
158,17193,2
158,24331,3
158,22910,4
158,36396,5
158,138990,6
158,16456,7
158,42062,8
158,26471,9
158,22052,10
158,38490,11
158,11151,12
158,37368,13
158,14805,14
158,278856,15
158,42074,16
158,114998,17
158,36409,18
158,31067,19
158,19173,20
160,13818,1
160,50155,2
160,99944,3
160,133049,4
160,344792,5
160,261816,6
160,553695,7
160,293101,8
160,261805,9
160,35765,10
160,292987,11
160,344733,12
160,553681,13
160,344772,14
160,293014,15
160,344727,16
160,95036,17
160,292908,18
160,151382,19
160,161906,20
162,154781,1
162,42978,2
162,50816,3
162,13244,4
162,17887,5
162,44413,6
162,17386,7
162,73045,8
162,59223,9
162,11034,10
162,38202,11
162,15124,12
162,50879,13
162,23258,14
162,79942,15
162,16876,16
162,119974,17
162,22794,18
162,92086,19
162,19426,20
164,28543,1
164,48522,2
164,29872,3
164,21014,4
164,43813,5
164,105972,6
164,30569,7
164,22594,8
164,15631,9
164,66179,10
164,25496,11
164,23515,12
164,56228,13
164,14017,14
164,293561,15
164,20638,16
164,45308,17
164,5930,18
164,7080,19
164,75325,20
165,33696,1
165,71159,2
165,140815,3
165,20213,4
165,26550,5
165,12828,6
165,158353,7
165,40887,8
165,74386,9
165,20214,10
165,51578,11
165,252856,12
165,115984,13
165,140795,14
165,236991,15
165,171251,16
165,29026,17
165,55608,18
165,93651,19
165,98457,20
167,49222,1
167,23781,2
167,67403,3
167,59457,4
167,12234,5
167,29525,6
167,31729,7
167,92413,8
167,80347,9
167,57135,10
167,64553,11
167,14282,12
167,37223,13
167,44543,14
167,70331,15
167,97187,16
167,92458,17
167,97176,18
167,45980,19
167,47591,20
168,5027,1
168,86071,2
168,90074,3
168,160575,4
168,68657,5
168,123232,6
168,187829,7
168,160544,8
168,38758,9
168,240718,10
168,150949,11
168,105226,12
168,240706,13
168,23020,14
168,45118,15
168,65727,16
168,49970,17
168,94557,18
168,94491,19
168,160485,20
171,37526,1
171,1013,2
171,4373,3
171,149365,4
171,89478,5
171,254378,6
171,109675,7
171,438347,8
171,149372,9
171,284736,10
171,129800,11
171,284757,12
171,3504,13
171,158941,14
171,89479,15
171,216969,16
171,216981,17
171,122403,18
171,77726,19
171,171614,20
172,81016,1
172,62212,2
172,59914,3
172,67946,4
172,103573,5
172,128529,6
172,44806,7
172,9984,8
172,81007,9
172,13625,10
172,77238,11
172,128559,12
172,84925,13
172,115228,14
172,148125,15
172,81006,16
172,84904,17
172,103562,18
172,214932,19
172,47899,20
173,30714,1
173,997,2
173,45540,3
173,19684,4
173,8230,5
173,22690,6
173,24092,7
173,27409,8
173,17330,9
173,10915,10
173,25117,11
173,20027,12
173,24585,13
173,34067,14
173,40241,15
173,8948,16
173,12309,17
173,75662,18
173,86996,19
173,9428,20
174,6557,1
174,4956,2
174,7971,3
174,14205,4
174,50512,5
174,16817,6
174,8289,7
174,4344,8
174,28645,9
174,42690,10
174,1497,11
174,35947,12
174,31487,13
174,9733,14
174,21476,15
174,21847,16
174,1477,17
174,27407,18
174,79021,19
174,8742,20
175,271204,1
175,510832,2
175,136084,3
175,96120,4
175,312089,5
175,312102,6
175,125863,7
175,113034,8
175,165232,9
175,125831,10
175,165169,11
175,101514,12
175,165170,13
175,153553,14
175,96128,15
175,96154,16
175,209554,17
175,225615,18
175,106919,19
175,369975,20
176,37277,1
176,10961,2
176,28909,3
176,5388,4
176,999,5
176,590,6
176,26404,7
176,28890,8
176,84398,9
176,76815,10
176,53140,11
176,24285,12
176,61859,13
176,97404,14
176,76810,15
176,120862,16
176,97406,17
176,76811,18
176,120858,19
176,127859,20
177,136295,1
177,271512,2
177,370685,3
177,370775,4
177,371085,5
177,245184,6
177,513299,7
177,370936,8
177,370854,9
177,30115,10
177,788,11
177,371007,12
177,1118,13
177,12477,14
177,18762,15
177,79540,16
177,101621,17
177,113167,18
177,136211,19
177,136268,20
179,424,1
179,65906,2
179,5889,3
179,21768,4
179,94944,5
179,41203,6
179,24473,7
179,20618,8
179,13814,9
179,36684,10
179,90316,11
179,86333,12
179,99876,13
179,99863,14
179,78470,15
179,111102,16
179,3967,17
179,65978,18
179,11658,19
179,45234,20
180,162569,1
180,222087,2
180,242308,3
180,352161,4
180,352170,5
180,493913,6
180,242298,7
180,174762,8
180,263203,9
180,294252,10
180,242299,11
180,294236,12
180,24992,13
180,75357,14
180,174788,15
180,242290,16
180,24503,17
180,86665,18
180,151840,19
180,151784,20
181,7778,1
181,165887,2
181,165963,3
181,101945,4
181,101940,5
181,154354,6
181,145571,7
181,69829,8
181,36108,9
181,47326,10
181,2054,11
181,145586,12
181,35128,13
181,59104,14
181,79757,15
181,52690,16
181,154082,17
181,10939,18
181,18769,19
181,79761,20
182,1541,1
182,145836,2
182,87830,3
182,91978,4
182,5038,5
182,13568,6
182,13066,7
182,12770,8
182,9444,9
182,10840,10
182,14079,11
182,13567,12
182,14921,13
182,16384,14
182,10574,15
182,12629,16
182,11311,17
182,17379,18
182,14918,19
182,15494,20
183,31206,1
183,36568,2
183,71456,3
183,32893,4
183,122855,5
183,22528,6
183,48157,7
183,51729,8
183,130598,9
183,186226,10
183,202909,11
183,122788,12
183,122833,13
183,65608,14
183,203155,15
183,257367,16
183,98979,17
183,453470,18
183,257370,19
183,116553,20
184,46253,1
184,28329,2
184,65052,3
184,36425,4
184,55403,5
184,40806,6
184,115220,7
184,121486,8
184,70821,9
184,103596,10
184,93186,11
184,183916,12
184,183754,13
184,17199,14
184,6275,15
184,42103,16
184,51377,17
184,73984,18
184,59899,19
184,233430,20
185,23704,1
185,25213,2
185,154515,3
185,119718,4
185,26914,5
185,1378,6
185,39308,7
185,2312,8
185,4912,9
185,4471,10
185,5515,11
185,26916,12
185,30143,13
185,76182,14
185,41711,15
185,49021,16
185,23714,17
185,59175,18
185,1474,19
185,154511,20
186,16010,1
186,171305,2
186,49693,3
186,237216,4
186,216579,5
186,171268,6
186,158428,7
186,12828,8
186,68211,9
186,10528,10
186,24389,11
186,116025,12
186,122212,13
186,12978,14
186,129556,15
186,46406,16
186,98493,17
186,171288,18
186,51587,19
186,37460,20
188,215766,1
188,148508,2
188,335612,3
188,394359,4
188,81105,5
188,394301,6
188,93341,7
188,21658,8
188,103781,9
188,283685,10
188,108945,11
188,170477,12
188,115466,13
188,200805,14
188,215755,15
188,235947,16
188,235787,17
188,65117,18
188,200793,19
188,235930,20
189,20554,1
189,31151,2
189,93828,3
189,5368,4
189,7706,5
189,14997,6
189,18292,7
189,17480,8
189,31153,9
189,1446,10
189,4875,11
189,28413,12
189,55657,13
189,53661,14
189,89411,15
189,23924,16
189,129688,17
189,38647,18
189,89418,19
189,77675,20
190,10978,1
190,1444,2
190,4797,3
190,13775,4
190,14968,5
190,25877,6
190,3294,7
190,9316,8
190,16460,9
190,11434,10
190,398,11
190,1601,12
190,16453,13
190,21269,14
190,14302,15
190,11749,16
190,14119,17
190,11149,18
190,27080,19
190,25871,20
191,121270,1
191,97771,2
191,532775,3
191,38487,4
191,8979,5
191,27074,6
191,62147,7
191,70711,8
191,108595,9
191,103426,10
191,103427,11
191,97757,12
191,67847,13
191,64956,14
191,128334,15
191,128349,16
191,147693,17
191,128341,18
191,169264,19
191,80886,20
192,217248,1
192,159185,2
192,30461,3
192,65536,4
192,51691,5
192,122613,6
192,71346,7
192,141329,8
192,81613,9
192,141293,10
192,141283,11
192,130056,12
192,171864,13
192,89597,14
192,171841,15
192,93971,16
192,93952,17
192,74569,18
192,17485,19
192,122549,20
193,9415,1
193,6817,2
193,25641,3
193,8022,4
193,9870,5
193,14550,6
193,14376,7
193,44048,8
193,6364,9
193,20026,10
193,20035,11
193,18081,12
193,21887,13
193,48704,14
193,24125,15
193,24127,16
193,56498,17
193,22680,18
193,23129,19
193,10165,20
194,15622,1
194,1384,2
194,71998,3
194,69154,4
194,60969,5
194,37791,6
194,21364,7
194,60769,8
194,69138,9
194,37662,10
194,95204,11
194,161436,12
194,173835,13
194,111356,14
194,32974,15
194,124279,16
194,50284,17
194,46796,18
194,41115,19
194,52114,20
195,17649,1
195,67335,2
195,38302,3
195,275182,4
195,52984,5
195,61733,6
195,894,7
195,44500,8
195,11728,9
195,80268,10
195,40563,11
195,84228,12
195,67378,13
195,52944,14
195,52987,15
195,114243,16
195,120525,17
195,107906,18
195,97176,19
195,120264,20
197,207377,1
197,243641,2
197,356831,3
197,499987,4
197,175762,5
197,190621,6
197,1137,7
197,124807,8
197,144026,9
197,56438,10
197,295933,11
197,295874,12
197,295835,13
197,295837,14
197,295899,15
197,63524,16
197,112051,17
197,163687,18
197,69408,19
197,75583,20
198,17222,1
198,4918,2
198,25408,3
198,27148,4
198,21709,5
198,5273,6
198,60283,7
198,6218,8
198,19220,9
198,9468,10
198,43568,11
198,20956,12
198,65509,13
198,4311,14
198,5481,15
198,33744,16
198,4689,17
198,15815,18
198,24403,19
198,17483,20
200,71957,1
200,46774,2
200,16512,3
200,78456,4
200,41207,5
200,18644,6
200,123802,7
200,151273,8
200,188937,9
200,22572,10
200,37703,11
200,174092,12
200,151261,13
200,99876,14
200,78455,15
200,63064,16
200,54034,17
200,18027,18
200,60660,19
200,38832,20
201,62890,1
201,117138,2
201,204194,3
201,117137,4
201,117131,5
201,131489,6
201,173395,7
201,110669,8
201,204212,9
201,260330,10
201,131490,11
201,343139,12
201,110640,13
201,343144,14
201,260337,15
201,219929,16
201,71712,17
201,173337,18
201,204291,19
201,290577,20
203,215276,1
203,13139,2
203,283294,3
203,98001,4
203,215295,5
203,535831,6
203,535859,7
203,235187,8
203,535892,9
203,535888,10
203,235191,11
203,535807,12
203,200454,13
203,535862,14
203,576149,15
203,84985,16
203,148318,17
203,97992,18
203,128704,19
203,139556,20
205,44650,1
205,16924,2
205,49340,3
205,14784,4
205,29560,5
205,36296,6
205,57315,7
205,31007,8
205,29574,9
205,35341,10
205,51162,11
205,3965,12
205,88521,13
205,14296,14
205,2687,15
205,12944,16
205,23810,17
205,51165,18
205,39514,19
205,80563,20
208,12512,1
208,28925,2
208,4776,3
208,22038,4
208,4275,5
208,13763,6
208,10282,7
208,1067,8
208,19826,9
208,13762,10
208,14788,11
208,14297,12
208,17436,13
208,1218,14
208,16685,15
208,16181,16
208,13764,17
208,12811,18
208,15765,19
208,10034,20
210,4872,1
210,7391,2
210,8700,3
210,10035,4
210,11856,5
210,3436,6
210,11985,7
210,12515,8
210,15367,9
210,15363,10
210,4871,11
210,8972,12
210,34455,13
210,59746,14
210,17183,15
210,64836,16
210,51255,17
210,67734,18
210,44714,19
210,1980,20
211,11729,1
211,107717,2
211,155408,3
211,49148,4
211,52951,5
211,146471,6
211,107804,7
211,114015,8
211,120262,9
211,61648,10
211,33426,11
211,15962,12
211,1398,13
211,4225,14
211,8317,15
211,13270,16
211,17646,17
211,19451,18
211,25254,19
211,15333,20
214,42594,1
214,25559,2
214,37828,3
214,21413,4
214,11272,5
214,58579,6
214,42593,7
214,29935,8
214,22195,9
214,4737,10
214,46972,11
214,46939,12
214,78875,13
214,48568,14
214,50359,15
214,43946,16
214,66311,17
214,111829,18
214,14513,19
214,10237,20
215,34644,1
215,149769,2
215,109942,3
215,171992,4
215,77834,5
215,85685,6
215,238233,7
215,159365,8
215,255381,9
215,285467,10
215,11264,11
215,28440,12
215,109974,13
215,81668,14
215,141451,15
215,122685,16
215,81669,17
215,89668,18
215,109938,19
215,130217,20
216,131269,1
216,116936,2
216,160523,3
216,90034,4
216,187611,5
216,82003,6
216,105133,7
216,173144,8
216,99365,9
216,10989,10
216,28482,11
216,51848,12
216,6459,13
216,7009,14
216,71649,15
216,150565,16
216,48251,17
216,99383,18
216,29135,19
216,131327,20
217,81017,1
217,31078,2
217,121494,3
217,67965,4
217,53442,5
217,148176,6
217,121509,7
217,14312,8
217,43392,9
217,183937,10
217,108764,11
217,35459,12
217,103610,13
217,34513,14
217,29636,15
217,148201,16
217,53430,17
217,62219,18
217,139357,19
217,184004,20
218,149634,1
218,159223,2
218,255030,3
218,202155,4
218,9127,5
218,141311,6
218,217131,7
218,62622,8
218,149612,9
218,116317,10
218,171810,11
218,35600,12
218,104568,13
218,285025,14
218,202143,15
218,34636,16
218,68369,17
218,60306,18
218,62621,19
218,48127,20
219,257444,1
219,68455,2
219,43620,3
219,49848,4
219,116530,5
219,130599,6
219,159823,7
219,203152,8
219,172314,9
219,49852,10
219,218548,11
219,116523,12
219,55789,13
219,110121,14
219,94159,15
219,122844,16
219,48170,17
219,110122,18
219,32902,19
219,116525,20
220,77543,1
220,85316,2
220,252677,3
220,32808,4
220,11078,5
220,49655,6
220,65323,7
220,44920,8
220,32811,9
220,25387,10
220,51536,11
220,47999,12
220,42223,13
220,42212,14
220,34572,15
220,28378,16
220,34571,17
220,53590,18
220,33681,19
220,55537,20
221,93007,1
221,38484,2
221,53365,3
221,62121,4
221,13127,5
221,59819,6
221,364,7
221,2850,8
221,3292,9
221,19841,10
221,33614,11
221,147641,12
221,44750,13
221,46200,14
221,80815,15
221,22906,16
221,231144,17
221,156536,18
221,231168,19
221,103364,20
223,92940,1
223,147524,2
223,156399,3
223,64904,4
223,16450,5
223,31044,6
223,114854,7
223,103297,8
223,108512,9
223,108518,10
223,128211,11
223,12815,12
223,64873,13
223,231034,14
223,70660,15
223,15768,16
223,147576,17
223,21271,18
223,70645,19
223,31045,20
225,136977,1
225,20431,2
225,96641,3
225,24210,4
225,1973,5
225,83822,6
225,2151,7
225,166456,8
225,67112,9
225,2153,10
225,154718,11
225,64209,12
225,64198,13
225,11945,14
225,1063,15
225,40460,16
225,1870,17
225,70029,18
225,39323,19
225,67101,20
228,8503,1
228,22119,2
228,15597,3
228,57921,4
228,39833,5
228,12841,6
228,5399,7
228,53735,8
228,33765,9
228,51712,10
228,109927,11
228,46519,12
228,116381,13
228,77856,14
228,7574,15
228,22998,16
228,25979,17
228,62659,18
228,89637,19
228,15825,20
229,107335,1
229,101976,2
229,246274,3
229,87710,4
229,113490,5
229,119684,6
229,246246,7
229,210448,8
229,273088,9
229,154438,10
229,16377,11
229,374021,12
229,246275,13
229,246238,14
229,246278,15
229,246269,16
229,273140,17
229,559647,18
229,315906,19
229,246279,20
231,214950,1
231,184002,2
231,53433,3
231,39658,4
231,81032,5
231,62231,6
231,139358,7
231,38522,8
231,42107,9
231,157196,10
231,77237,11
231,59941,12
231,200193,13
231,97915,14
231,128619,15
231,139424,16
231,108751,17
231,115207,18
231,214955,19
231,148240,20
232,17233,1
232,74768,2
232,42356,3
232,29108,4
232,10293,5
232,22535,6
232,42354,7
232,46589,8
232,55850,9
232,7952,10
232,172575,11
232,150198,12
232,26627,13
232,55853,14
232,31226,15
232,26631,16
232,62791,17
232,65693,18
232,19914,19
232,49909,20
233,43734,1
233,261302,2
233,13811,3
233,46701,4
233,86175,5
233,105348,6
233,86152,7
233,343722,8
233,204805,9
233,161391,10
233,220435,11
233,475973,12
233,173799,13
233,117256,14
233,220442,15
233,132477,16
233,343614,17
233,343653,18
233,343612,19
233,553028,20
234,1667,1
234,824,2
234,7734,3
234,67233,4
234,155347,5
234,9170,6
234,59290,7
234,146347,8
234,196989,9
234,247286,10
234,167574,11
234,3483,12
234,96862,13
234,247239,14
234,49112,15
234,377567,16
234,247272,17
234,247305,18
234,49130,19
234,64396,20
236,20751,1
236,10929,2
236,8296,3
236,21900,4
236,38029,5
236,30746,6
236,9502,7
236,44187,8
236,14738,9
236,9095,10
236,11486,11
236,13711,12
236,15471,13
236,13377,14
236,6165,15
236,7059,16
236,20760,17
236,34114,18
236,5385,19
236,27442,20
238,33708,1
238,683,2
238,20542,3
238,17982,4
238,44936,5
238,51597,6
238,77604,7
238,26552,8
238,31962,9
238,12394,10
238,6802,11
238,29031,12
238,17705,13
238,29029,14
238,43517,15
238,36486,16
238,31134,17
238,26551,18
238,21670,19
238,20217,20
239,60382,1
239,104816,2
239,85743,3
239,172331,4
239,218556,5
239,257458,6
239,172338,7
239,141649,8
239,60378,9
239,77893,10
239,57960,11
239,203177,12
239,218566,13
239,39848,14
239,218616,15
239,45049,16
239,32054,17
239,16237,18
239,94178,19
239,45046,20
240,704,1
240,16853,2
240,28109,3
240,136472,4
240,42899,5
240,119099,6
240,101521,7
240,79486,8
240,26289,9
240,6824,10
240,29396,11
240,37062,12
240,29397,13
240,12475,14
240,63927,15
240,61265,16
240,79475,17
240,72693,18
240,52592,19
240,41633,20
242,63078,1
242,12420,2
242,71947,3
242,68855,4
242,82319,5
242,45245,6
242,71938,7
242,71935,8
242,46741,9
242,105573,10
242,27879,11
242,23500,12
242,82365,13
242,68865,14
242,90311,15
242,65918,16
242,23047,17
242,94916,18
242,151289,19
242,26052,20
243,41101,1
243,53914,2
243,116986,3
243,123430,4
243,131308,5
243,204210,6
243,117102,7
243,160628,8
243,173349,9
243,58147,10
243,204004,11
243,219874,12
243,110528,13
243,142286,14
243,219921,15
243,204213,16
243,131457,17
243,99457,18
243,187865,19
243,39928,20
244,213878,1
244,34506,2
244,67893,3
244,388391,4
244,147753,5
244,44794,6
244,169465,7
244,183436,8
244,147756,9
244,97821,10
244,199468,11
244,139078,12
244,199473,13
244,65000,14
244,139067,15
244,213902,16
244,213911,17
244,231897,18
244,231758,19
244,169428,20
245,51903,1
245,117216,2
245,86125,3
245,39933,4
245,65758,5
245,58178,6
245,3324,7
245,51860,8
245,55936,9
245,65798,10
245,82201,11
245,43706,12
245,71755,13
245,62969,14
245,30512,15
245,13809,16
245,27228,17
245,16503,18
245,58206,19
245,58209,20
246,376240,1
246,376247,2
246,227526,3
246,560196,4
246,560055,5
246,318606,6
246,560319,7
246,560039,8
246,560465,9
246,560135,10
246,560308,11
246,560446,12
246,560480,13
246,560438,14
246,560078,15
246,560506,16
246,560450,17
246,560071,18
246,560284,19
246,560046,20
247,18046,1
247,17774,2
247,46922,3
247,46908,4
247,17519,5
247,22601,6
247,10624,7
247,35824,8
247,21396,9
247,23070,10
247,34846,11
247,41315,12
247,40096,13
247,29924,14
247,50312,15
247,33061,16
247,21022,17
247,34853,18
247,54194,19
247,66217,20
249,160452,1
249,123313,2
249,26020,3
249,187534,4
249,173029,5
249,60503,6
249,173012,7
249,173101,8
249,123258,9
249,240031,10
249,74841,11
249,259900,12
249,110538,13
249,123211,14
249,3316,15
249,29802,16
249,240179,17
249,259903,18
249,150491,19
249,187654,20
250,170196,1
250,20918,2
250,157290,3
250,5183,4
250,15784,5
250,33650,6
250,74059,7
250,121660,8
250,108889,9
250,77303,10
250,157440,11
250,88944,12
250,170145,13
250,200648,14
250,81096,15
250,157314,16
250,184110,17
250,4290,18
250,23867,19
250,4277,20
252,90647,1
252,162381,2
252,111486,3
252,90624,4
252,45331,5
252,78675,6
252,221592,7
252,48504,8
252,95239,9
252,221548,10
252,174588,11
252,162352,12
252,162374,13
252,69121,14
252,241961,15
252,345106,16
252,345078,17
252,345266,18
252,345306,19
252,241872,20
253,61057,1
253,45488,2
253,223280,3
253,152472,4
253,207370,5
253,6644,6
253,190663,7
253,124835,8
253,124811,9
253,152491,10
253,106423,11
253,144012,12
253,86913,13
253,175786,14
253,223274,15
253,356820,16
253,555720,17
253,264720,18
253,118300,19
253,243680,20
255,139907,1
255,77382,2
255,335995,3
255,14315,4
255,139941,5
255,109034,6
255,93432,7
255,139940,8
255,103928,9
255,252080,10
255,170626,11
255,2649,12
255,129054,13
255,283910,14
255,74161,15
255,11253,16
255,60029,17
255,201159,18
255,184650,19
255,283936,20
257,222251,1
257,82809,2
257,82783,3
257,493910,4
257,554395,5
257,82799,6
257,352237,7
257,494393,8
257,9791,9
257,111605,10
257,263317,11
257,206365,12
257,263400,13
257,174932,14
257,52160,15
257,143438,16
257,189775,17
257,174919,18
257,90762,19
257,100305,20
258,78580,1
258,40048,2
258,78565,3
258,50198,4
258,9001,5
258,12023,6
258,4466,7
258,17514,8
258,69007,9
258,86367,10
258,99988,11
258,33908,12
258,133088,13
258,60589,14
258,161677,15
258,5030,16
258,48315,17
258,99874,18
258,37681,19
258,123937,20
260,118757,1
260,194159,2
260,208218,3
260,194160,4
260,361599,5
260,361734,6
260,83240,7
260,152942,8
260,505945,9
260,224299,10
260,244260,11
260,308156,12
260,361745,13
260,361738,14
260,361597,15
260,361746,16
260,361740,17
260,505959,18
260,505944,19
260,504810,20
261,239652,1
261,60479,2
261,172858,3
261,18313,4
261,46627,5
261,99259,6
261,116834,7
261,89964,8
261,172770,9
261,239655,10
261,288475,11
261,150403,12
261,203654,13
261,26637,14
261,51822,15
261,160229,16
261,105020,17
261,289954,18
261,89962,19
261,15014,20
262,35535,1
262,43474,2
262,51525,3
262,98356,4
262,122080,5
262,39719,6
262,51519,7
262,85311,8
262,68138,9
262,98373,10
262,74295,11
262,46358,12
262,122079,13
262,35537,14
262,122083,15
262,158286,16
262,36466,17
262,85280,18
262,89193,19
262,62385,20
263,295,1
263,262605,2
263,45323,3
263,48494,4
263,90593,5
263,75271,6
263,8277,7
263,8655,8
263,82613,9
263,33937,10
263,69081,11
263,58454,12
263,143190,13
263,124078,14
263,86514,15
263,75273,16
263,133244,17
263,26696,18
263,7911,19
263,174516,20
264,40210,1
264,582500,2
264,500297,3
264,69409,4
264,95660,5
264,56433,6
264,112062,7
264,163708,8
264,175749,9
264,499844,10
264,223241,11
264,265011,12
264,296041,13
264,357285,14
264,356769,15
264,6583,16
264,134452,17
264,357407,18
264,357406,19
264,175850,20
266,16866,1
266,107270,2
266,59098,3
266,64102,4
266,19414,5
266,8033,6
266,2254,7
266,52751,8
266,16122,9
266,6927,10
266,64103,11
266,19743,12
266,195611,13
266,87681,14
266,16121,15
266,25194,16
266,1465,17
266,23234,18
266,54769,19
266,87675,20
267,62172,1
267,213804,2
267,328558,3
267,328527,4
267,121319,5
267,64990,6
267,183370,7
267,249108,8
267,199420,9
267,387210,10
267,199375,11
267,328616,12
267,278869,13
267,278889,14
267,147728,15
267,15993,16
267,231395,17
267,183360,18
267,328523,19
267,328588,20
270,18645,1
270,94992,2
270,10299,3
270,551,4
270,13815,5
270,1186,6
270,16758,7
270,71885,8
270,46794,9
270,54032,10
270,60635,11
270,241254,12
270,41177,13
270,241252,14
270,132861,15
270,65974,16
270,142939,17
270,161703,18
270,105636,19
270,60697,20
272,27011,1
272,103007,2
272,108195,3
272,51127,4
272,61853,5
272,40620,6
272,33499,7
272,138465,8
272,108202,9
272,30262,10
272,24756,11
272,35299,12
272,44595,13
272,49272,14
272,14951,15
272,40624,16
272,35305,17
272,97392,18
272,24760,19
272,64667,20
273,67862,1
273,47847,2
273,11865,3
273,30338,4
273,169320,5
273,156636,6
273,103446,7
273,103453,8
273,7569,9
273,103448,10
273,21644,11
273,59852,12
273,17678,13
273,26474,14
273,84768,15
273,73913,16
273,93065,17
273,73903,18
273,70733,19
273,97797,20
274,80932,1
274,1273,2
274,97832,3
274,46234,4
274,5366,5
274,97831,6
274,97835,7
274,93115,8
274,97830,9
274,115083,10
274,115072,11
274,17957,12
274,121349,13
274,115066,14
274,115064,15
274,115036,16
274,97828,17
274,103485,18
274,115034,19
274,115073,20
275,125973,1
275,153722,2
275,144974,3
275,61273,4
275,370507,5
275,312306,6
275,91474,7
275,512708,8
275,271502,9
275,271133,10
275,48860,11
275,271436,12
275,512825,13
275,370633,14
275,512824,15
275,7381,16
275,3748,17
275,1037,18
275,1022,19
275,4019,20
276,42203,1
276,60102,2
276,49625,3
276,85308,4
276,31117,5
276,27727,6
276,122115,7
276,185019,8
276,46368,9
276,109263,10
276,93582,11
276,236500,12
276,109248,13
276,544266,14
276,81270,15
276,140643,16
276,85316,17
276,65302,18
276,68122,19
276,93546,20
277,4178,1
277,48132,2
277,34638,3
277,71361,4
277,77801,5
277,116350,6
277,141386,7
277,285053,8
277,171905,9
277,7114,10
277,74564,11
277,109854,12
277,89588,13
277,285045,14
277,217402,15
277,255025,16
277,159248,17
277,255060,18
277,548204,19
277,43583,20
279,121985,1
279,140493,2
279,122048,3
279,148859,4
279,148860,5
279,148857,6
279,1002,7
279,140463,8
279,158129,9
279,85177,10
279,115667,11
279,184841,12
279,85194,13
279,89128,14
279,85222,15
279,170937,16
279,68085,17
279,184845,18
279,98264,19
279,27715,20
281,93738,1
281,158560,2
281,68240,3
281,98569,4
281,53626,5
281,10049,6
281,15583,7
281,171352,8
281,149237,9
281,26566,10
281,25936,11
281,4653,12
281,65437,13
281,48087,14
281,53650,15
281,37485,16
281,85501,17
281,62506,18
281,98556,19
281,81463,20
282,25464,1
282,74950,2
282,53916,3
282,110646,4
282,105276,5
282,90082,6
282,131464,7
282,46685,8
282,142328,9
282,86077,10
282,68717,11
282,131482,12
282,105231,13
282,204271,14
282,82089,15
282,204277,16
282,29813,17
282,204264,18
282,150764,19
282,204269,20
285,121777,1
285,53474,2
285,200958,3
285,5094,4
285,4988,5
285,5042,6
285,5095,7
285,5043,8
285,49567,9
285,57621,10
285,128941,11
285,98119,12
285,236075,13
285,395316,14
285,283782,15
285,115498,16
285,251911,17
285,157791,18
285,77357,19
285,335869,20
287,91376,1
287,309487,2
287,17856,3
287,270760,4
287,508787,5
287,508978,6
287,194757,7
287,508967,8
287,311033,9
287,368758,10
287,368764,11
287,368756,12
287,368765,13
287,558620,14
287,558597,15
287,44210,16
287,87270,17
287,135789,18
287,135723,19
287,164999,20
288,117810,1
288,31351,2
288,105949,3
288,293612,4
288,242041,5
288,221726,6
288,111492,7
288,491491,8
288,162402,9
288,345890,10
288,174613,11
288,205895,12
288,242023,13
288,95263,14
288,124218,15
288,117824,16
288,554059,17
288,554033,18
288,293592,19
288,174617,20
289,113942,1
289,18793,2
289,43041,3
289,50922,4
289,56990,5
289,61588,6
289,64330,7
289,70144,8
289,61580,9
289,54911,10
289,84018,11
289,523040,12
289,39366,13
289,180839,14
289,102356,15
289,107659,16
289,127110,17
289,102355,18
289,137524,19
289,70151,20
292,39043,1
292,86929,2
292,175828,3
292,42672,4
292,25581,5
292,152532,6
292,18973,7
292,24535,8
292,86926,9
292,72429,10
292,45496,11
292,35912,12
292,34026,13
292,24540,14
292,45492,15
292,22231,16
292,75588,17
292,28608,18
292,8933,19
292,26760,20
293,46562,1
293,116593,2
293,141701,3
293,110199,4
293,28457,5
293,218667,6
293,186369,7
293,85780,8
293,203257,9
293,257531,10
293,71495,11
293,81832,12
293,89798,13
293,41040,14
293,116614,15
293,46567,16
293,81826,17
293,65635,18
293,46556,19
293,85789,20
296,9080,1
296,30653,2
296,40193,3
296,39024,4
296,42663,5
296,56425,6
296,36847,7
296,25576,8
296,41432,9
296,5436,10
296,6192,11
296,6526,12
296,7127,13
296,6948,14
296,8284,15
296,18686,16
296,24531,17
296,26755,18
296,14185,19
296,25051,20
297,121570,1
297,215098,2
297,234687,3
297,334534,4
297,283101,5
297,283008,6
297,392862,7
297,115304,8
297,234481,9
297,573573,10
297,283027,11
297,283025,12
297,38526,13
297,46271,14
297,184051,15
297,184050,16
297,108807,17
297,200295,18
297,169932,19
297,128656,20
299,217356,1
299,441085,2
299,255090,3
299,29743,4
299,98781,5
299,185827,6
299,285196,7
299,77815,8
299,51693,9
299,93994,10
299,53712,11
299,93990,12
299,159259,13
299,8839,14
299,8996,15
299,8715,16
299,31183,17
299,39820,18
299,93988,19
299,89599,20
300,246330,1
300,374257,2
300,374219,3
300,374346,4
300,374248,5
300,696,6
300,16129,7
300,23706,8
300,25729,9
300,30136,10
300,35137,11
300,37088,12
300,39291,13
300,91883,14
300,96517,15
300,145709,16
300,226969,17
300,559702,18
300,559681,19
300,559688,20
301,121243,1
301,73864,2
301,249007,3
301,19502,4
301,73868,5
301,199311,6
301,213592,7
301,156552,8
301,213653,9
301,103373,10
301,183245,11
301,169239,12
301,55326,13
301,169233,14
301,11992,15
301,128276,16
301,46198,17
301,156572,18
301,169253,19
301,169254,20
303,114805,1
303,114804,2
303,532351,3
303,532310,4
303,532422,5
303,532264,6
303,532375,7
303,199060,8
303,825,9
303,328016,10
303,385947,11
303,532435,12
303,564903,13
303,564898,14
303,564901,15
303,564904,16
303,564897,17
303,564909,18
303,386051,19
303,385890,20
304,53107,1
304,108078,2
304,108077,3
304,73537,4
304,198503,5
304,326260,6
304,168525,7
304,70410,8
304,64625,9
304,46020,10
304,146980,11
304,127750,12
304,102930,13
304,8889,14
304,15752,15
304,229842,16
304,70408,17
304,168511,18
304,84335,19
304,92592,20
306,56141,1
306,86396,2
306,1222,3
306,1459,4
306,9261,5
306,12271,6
306,27258,7
306,105708,8
306,133066,9
306,189165,10
306,99970,11
306,82443,12
306,32146,13
306,38858,14
306,43809,15
306,105681,16
306,151359,17
306,90456,18
306,54055,19
306,48412,20
308,59631,1
308,51188,2
308,103097,3
308,59661,4
308,43246,5
308,35336,6
308,38398,7
308,138577,8
308,5360,9
308,33544,10
308,39552,11
308,31791,12
308,35351,13
308,41955,14
308,28253,15
308,30285,16
308,28905,17
308,31017,18
308,10200,19
308,31786,20
309,44841,1
309,30378,2
309,60009,3
309,139796,4
309,200898,5
309,538202,6
309,103831,7
309,251453,8
309,394333,9
309,6173,10
309,148555,11
309,157772,12
309,200901,13
309,49558,14
309,283754,15
309,335598,16
309,394309,17
309,394696,18
309,538362,19
309,538200,20
310,70072,1
310,64261,2
310,166587,3
310,102205,4
310,246690,5
310,227553,6
310,227596,7
310,52870,8
310,59232,9
310,79926,10
310,119919,11
310,119918,12
310,8689,13
310,180064,14
310,16876,15
310,210990,16
310,30872,17
310,15933,18
310,83862,19
310,61538,20
311,76208,1
311,61466,2
311,20425,3
311,32462,4
311,40433,5
311,3678,6
311,38148,7
311,2102,8
311,56830,9
311,4304,10
311,18159,11
311,35148,12
311,32461,13
311,50807,14
311,8818,15
311,44354,16
311,13239,17
311,59173,18
311,119768,19
311,67067,20
313,3946,1
313,88979,2
313,18273,3
313,17693,4
313,14983,5
313,27109,6
313,37404,7
313,169937,8
313,7004,9
313,85202,10
313,216172,11
313,16469,12
313,140207,13
313,34549,14
313,104001,15
313,62339,16
313,98444,17
313,89296,18
313,129152,19
313,1876,20
314,79713,1
314,101896,2
314,210174,3
314,119579,4
314,559610,5
314,372167,6
314,372170,7
314,372202,8
314,313274,9
314,514593,10
314,514608,11
314,245888,12
314,514668,13
314,178595,14
314,136599,15
314,79714,16
314,126330,17
314,195584,18
314,195569,19
314,210175,20
316,38129,1
316,91767,2
316,30844,3
316,18452,4
316,13720,5
316,17873,6
316,22771,7
316,35129,8
316,24672,9
316,31606,10
316,38126,11
316,66912,12
316,76107,13
316,87642,14
316,72905,15
316,45762,16
316,154139,17
316,72925,18
316,34222,19
316,54746,20
318,76736,1
318,67470,2
318,76726,3
318,33482,4
318,92564,5
318,155910,6
318,138306,7
318,247985,8
318,146954,9
318,155915,10
318,88329,11
318,127725,12
318,61805,13
318,49259,14
318,138316,15
318,12372,16
318,120717,17
318,138288,18
318,212614,19
318,127716,20
319,69818,1
319,76032,2
319,32429,3
319,153976,4
319,153992,5
319,79609,6
319,101616,7
319,165627,8
319,91664,9
319,7732,10
319,79614,11
319,72833,12
319,54706,13
319,145355,14
319,61372,15
319,64007,16
319,165653,17
319,83542,18
319,69807,19
319,126168,20
320,150096,1
320,8579,2
320,17731,3
320,37567,4
320,32049,5
320,24927,6
320,57998,7
320,85812,8
320,81833,9
320,30487,10
320,21331,11
320,15215,12
320,57973,13
320,3539,14
320,23459,15
320,68519,16
320,53772,17
320,71503,18
320,23952,19
320,71480,20
321,20387,1
321,40298,2
321,9576,3
321,8236,4
321,8135,5
321,17847,6
321,12470,7
321,21507,8
321,24625,9
321,48810,10
321,3871,11
321,30066,12
321,27455,13
321,1084,14
321,48801,15
321,29360,16
321,56563,17
321,28686,18
321,13225,19
321,38027,20
322,71205,1
322,53628,2
322,49705,3
322,149181,4
322,27125,5
322,74408,6
322,149189,7
322,44947,8
322,81397,9
322,24880,10
322,31969,11
322,16479,12
322,40902,13
322,74414,14
322,11874,15
322,109412,16
322,32828,17
322,129592,18
322,62475,19
322,25392,20
323,71170,1
323,26549,2
323,140808,3
323,216529,4
323,3865,5
323,18578,6
323,31960,7
323,31957,8
323,44926,9
323,81375,10
323,3890,11
323,48029,12
323,51573,13
323,44927,14
323,44925,15
323,32815,16
323,85425,17
323,42230,18
323,89302,19
323,81362,20
324,3215,1
324,37026,2
324,16114,3
324,29397,4
324,50671,5
324,6749,6
324,20077,7
324,24176,8
324,3635,9
324,21533,10
324,75918,11
324,54614,12
324,58937,13
324,194885,14
324,37024,15
324,52613,16
324,87381,17
324,36058,18
324,144895,19
324,165152,20
326,284040,1
326,115597,2
326,19188,3
326,236278,4
326,14819,5
326,121946,6
326,65191,7
326,71003,8
326,44862,9
326,36454,10
326,103981,11
326,47958,12
326,60041,13
326,140089,14
326,85166,15
326,157991,16
326,236285,17
326,158025,18
326,98238,19
326,158024,20
327,8023,1
327,7876,2
327,16817,3
327,52377,4
327,39073,5
327,12460,6
327,2891,7
327,20362,8
327,9430,9
327,50516,10
327,26818,11
327,27408,12
327,20027,13
327,16815,14
327,29313,15
327,26813,16
327,6858,17
327,21880,18
327,45536,19
327,15684,20
330,44740,1
330,26455,2
330,44743,3
330,121191,4
330,53348,5
330,77070,6
330,128238,7
330,8975,8
330,67777,9
330,80774,10
330,42038,11
330,97701,12
330,29609,13
330,1617,14
330,36381,15
330,33605,16
330,97703,17
330,57451,18
330,64896,19
330,138887,20
332,16061,1
332,66393,2
332,69342,3
332,19971,4
332,22221,5
332,72351,6
332,45456,7
332,163330,8
332,28597,9
332,48673,10
332,78900,11
332,26141,12
332,41425,13
332,25032,14
332,39011,15
332,40156,16
332,66380,17
332,22638,18
332,35881,19
332,14869,20
333,421,1
333,71269,2
333,35586,3
333,71271,4
333,62561,5
333,89464,6
333,93836,7
333,62560,8
333,74494,9
333,89469,10
333,85549,11
333,18904,12
333,104402,13
333,104409,14
333,122384,15
333,85550,16
333,98639,17
333,158746,18
333,185417,19
333,237477,20
334,120794,1
334,51121,2
334,120784,3
334,40610,4
334,67507,5
334,73566,6
334,84382,7
334,84381,8
334,84383,9
334,108138,10
334,102992,11
334,108139,12
334,114522,13
334,198542,14
334,25291,15
334,198543,16
334,138363,17
334,168587,18
334,84384,19
334,248117,20
335,92187,1
335,228445,2
335,59276,3
335,19082,4
335,44430,5
335,67205,6
335,59277,7
335,59285,8
335,70145,9
335,96824,10
335,113941,11
335,228600,12
335,49107,13
335,23730,14
335,22376,15
335,4663,16
335,70140,17
335,59284,18
335,102351,19
335,96811,20
336,29268,1
336,48679,2
336,61044,3
336,52306,4
336,72420,5
336,26152,6
336,50467,7
336,100614,8
336,86891,9
336,23562,10
336,31441,11
336,33123,12
336,100625,13
336,91032,14
336,41436,15
336,17539,16
336,27345,17
336,22643,18
336,42667,19
336,72417,20
337,3089,1
337,23817,2
337,22886,3
337,92806,4
337,44682,5
337,114664,6
337,168939,7
337,248613,8
337,278408,9
337,248621,10
337,248631,11
337,278401,12
337,278428,13
337,230702,14
337,213140,15
337,598423,16
337,384902,17
337,384932,18
337,384840,19
337,384886,20
338,9453,1
338,49203,2
338,34358,3
338,57135,4
338,38294,5
338,28212,6
338,44560,7
338,13426,8
338,28211,9
338,53049,10
338,43119,11
338,84220,12
338,19123,13
338,24744,14
338,80320,15
338,88229,16
338,25809,17
338,24743,18
338,27605,19
338,18840,20
339,184792,1
339,40839,2
339,115590,3
339,252125,4
339,157977,5
339,74172,6
339,5779,7
339,5752,8
339,93466,9
339,103960,10
339,184771,11
339,170830,12
339,184781,13
339,157969,14
339,578158,15
339,109105,16
339,53498,17
339,6770,18
339,201254,19
339,115569,20
341,13867,1
341,26253,2
341,39158,3
341,31536,4
341,30077,5
341,31539,6
341,19389,7
341,27464,8
341,15294,9
341,36990,10
341,21910,11
341,50609,12
341,3617,13
341,36996,14
341,39169,15
341,3961,16
341,27463,17
341,25153,18
341,48819,19
341,50607,20
342,25797,1
342,20146,2
342,92341,3
342,67328,4
342,55006,5
342,51008,6
342,57095,7
342,45923,8
342,80259,9
342,102694,10
342,35214,11
342,55021,12
342,64469,13
342,41835,14
342,49171,15
342,80246,16
342,57080,17
342,47567,18
342,59408,19
342,64479,20
343,19930,1
343,42404,2
343,27843,3
343,42395,4
343,21357,5
343,34706,6
343,41096,7
343,55926,8
343,12558,9
343,29799,10
343,10617,11
343,38768,12
343,10618,13
343,20265,14
343,32945,15
343,11654,16
343,16504,17
343,13807,18
343,21739,19
343,14335,20
344,49065,1
344,52842,2
344,96644,3
344,87856,4
344,44390,5
344,119896,6
344,154719,7
344,25224,8
344,22789,9
344,45844,10
344,30864,11
344,44391,12
344,79899,13
344,23721,14
344,54863,15
344,166497,16
344,56903,17
344,50857,18
344,145884,19
344,50861,20
345,50636,1
345,2892,2
345,48842,3
345,48822,4
345,83326,5
345,21525,6
345,56627,7
345,72629,8
345,72657,9
345,29387,10
345,87276,11
345,11703,12
345,35067,13
345,32394,14
345,26265,15
345,79415,16
345,66636,17
345,550,18
345,72656,19
345,66662,20
346,65000,1
346,388015,2
346,388320,3
346,84802,4
346,55384,5
346,55383,6
346,39634,7
346,59869,8
346,533519,9
346,278998,10
346,169430,11
346,55387,12
346,80923,13
346,97817,14
346,388065,15
346,93099,16
346,388239,17
346,388122,18
346,169436,19
346,183414,20
348,27081,1
348,139024,2
348,169383,3
348,12675,4
348,532917,5
348,80905,6
348,387226,7
348,199424,8
348,199425,9
348,139050,10
348,139051,11
348,73929,12
348,231396,13
348,156697,14
348,64994,15
348,121330,16
348,169397,17
348,39631,18
348,121329,19
348,46228,20
349,137529,1
349,1048,2
349,155355,3
349,197166,4
349,43057,5
349,80111,6
349,76441,7
349,67233,8
349,88046,9
349,113977,10
349,180927,11
349,155284,12
349,10845,13
349,155324,14
349,12346,15
349,23749,16
349,146367,17
349,88021,18
349,43044,19
349,88053,20
350,20054,1
350,72611,2
350,16592,3
350,24618,4
350,9352,5
350,18419,6
350,164764,7
350,118800,8
350,42769,9
350,7467,10
350,24621,11
350,5468,12
350,45603,13
350,13709,14
350,69593,15
350,66618,16
350,34102,17
350,40285,18
350,52528,19
350,7923,20
354,1038,1
354,26248,2
354,39129,3
354,58851,4
354,21898,5
354,24153,6
354,38031,7
354,12755,8
354,3052,9
354,8807,10
354,36967,11
354,56562,12
354,34105,13
354,44170,14
354,9354,15
354,112728,16
354,26845,17
354,54540,18
354,42774,19
354,28682,20
355,42441,1
355,188748,2
355,75023,3
355,132701,4
355,132664,5
355,142718,6
355,132680,7
355,82230,8
355,205190,9
355,110929,10
355,26654,11
355,132709,12
355,46715,13
355,161492,14
355,94810,15
355,1012,16
355,123675,17
355,123676,18
355,123644,19
355,86217,20
358,7571,1
358,60049,2
358,140494,3
358,68081,4
358,81229,5
358,184947,6
358,140478,7
358,140470,8
358,129150,9
358,170910,10
358,9608,11
358,184849,12
358,93517,13
358,184871,14
358,47963,15
358,184903,16
358,129145,17
358,140474,18
358,140454,19
358,140483,20
361,70375,1
361,138193,2
361,229575,3
361,28218,4
361,181777,5
361,247864,6
361,102882,7
361,276813,8
361,562298,9
361,276674,10
361,325134,11
361,3731,12
361,7841,13
361,24751,14
361,28217,15
361,34368,16
361,67449,17
361,35272,18
361,67436,19
361,33477,20
362,404,1
362,65720,2
362,6491,3
362,46648,4
362,110480,5
362,60496,6
362,68645,7
362,89981,8
362,78133,9
362,48249,10
362,85955,11
362,12555,12
362,55905,13
362,62853,14
362,99340,15
362,30505,16
362,150440,17
362,51841,18
362,123227,19
362,41079,20
363,23866,1
363,65071,2
363,157127,3
363,1243,4
363,6144,5
363,7108,6
363,7615,7
363,36427,8
363,77220,9
363,93170,10
363,51391,11
363,84920,12
363,65059,13
363,77240,14
363,139360,15
363,128541,16
363,157144,17
363,84928,18
363,23384,19
363,34513,20
364,120746,1
364,35284,2
364,64613,3
364,73525,4
364,138327,5
364,97327,6
364,114430,7
364,229814,8
364,138323,9
364,76737,10
364,146925,11
364,146935,12
364,326196,13
364,43169,14
364,229801,15
364,146934,16
364,92569,17
364,146956,18
364,155897,19
364,155898,20
367,46170,1
367,413,2
367,1188,3
367,30317,4
367,55268,5
367,32671,6
367,199131,7
367,386021,8
367,55272,9
367,51258,10
367,114808,11
367,51261,12
367,477,13
367,21264,14
367,532493,15
367,59749,16
367,3436,17
367,12667,18
367,248830,19
367,103264,20
368,126015,1
368,145169,2
368,39206,3
368,6824,4
368,113124,5
368,96203,6
368,72795,7
368,58950,8
368,194998,9
368,209599,10
368,47270,11
368,8303,12
368,72764,13
368,3944,14
368,209690,15
368,1262,16
368,91532,17
368,126064,18
368,50696,19
368,113104,20
370,59216,1
370,49069,2
370,79909,3
370,166495,4
370,67108,5
370,119904,6
370,113717,7
370,246634,8
370,210972,9
370,6011,10
370,7145,11
370,7694,12
370,15932,13
370,28143,14
370,32475,15
370,25224,16
370,39335,17
370,52849,18
370,64232,19
370,33369,20
371,132684,1
371,117353,2
371,22559,3
371,188699,4
371,161534,5
371,220672,6
371,151126,7
371,220678,8
371,241079,9
371,161553,10
371,151156,11
371,78348,12
371,132680,13
371,161481,14
371,90246,15
371,161559,16
371,161536,17
371,220629,18
371,261628,19
371,142662,20
372,11700,1
372,83292,2
372,194342,3
372,507751,4
372,5567,5
372,87234,6
372,61216,7
372,36021,8
372,101351,9
372,135682,10
372,177591,11
372,5587,12
372,42796,13
372,63824,14
372,135665,15
372,44191,16
372,153084,17
372,177600,18
372,194408,19
372,194416,20
374,22304,1
374,35039,2
374,9943,3
374,11931,4
374,22721,5
374,8295,6
374,58843,7
374,19708,8
374,15469,9
374,6559,10
374,39140,11
374,56564,12
374,12756,13
374,34114,14
374,4538,15
374,101331,16
374,28687,17
374,30065,18
374,13376,19
374,12758,20
380,230659,1
380,230658,2
380,16178,3
380,8763,4
380,114626,5
380,57332,6
380,33550,7
380,120973,8
380,46099,9
380,168922,10
380,182839,11
380,147290,12
380,564669,13
380,73679,14
380,182842,15
380,34431,16
380,61972,17
380,55217,18
380,84523,19
380,198925,20
382,71678,1
382,123366,2
382,240243,3
382,219743,4
382,62883,5
382,150657,6
382,29138,7
382,94547,8
382,131419,9
382,160686,10
382,173254,11
382,90052,12
382,117064,13
382,60524,14
382,90065,15
382,290469,16
382,131434,17
382,142225,18
382,123381,19
382,160655,20
383,39875,1
383,94276,2
383,78003,3
383,94216,4
383,78001,5
383,116587,6
383,150138,7
383,159991,8
383,71536,9
383,218696,10
383,71529,11
383,46586,12
383,172454,13
383,218705,14
383,65658,15
383,203309,16
383,41041,17
383,186362,18
383,48182,19
383,65634,20
385,25345,1
385,3328,2
385,33632,3
385,44776,4
385,62169,5
385,97797,6
385,22056,7
385,128380,8
385,46224,9
385,27077,10
385,28971,11
385,22058,12
385,32708,13
385,43360,14
385,25885,15
385,22920,16
385,43356,17
385,88806,18
385,42074,19
385,17955,20
386,172010,1
386,149737,2
386,338893,3
386,441473,4
386,217611,5
386,238224,6
386,94033,7
386,19230,8
386,94040,9
386,238215,10
386,238216,11
386,238217,12
386,55743,13
386,18915,14
386,49810,15
386,33758,16
386,89666,17
386,130221,18
386,3785,19
386,1656,20
387,51224,1
387,43270,2
387,15547,3
387,38430,4
387,51233,5
387,76970,6
387,73728,7
387,9597,8
387,40722,9
387,34438,10
387,21255,11
387,39569,12
387,51232,13
387,156285,14
387,88602,15
387,103219,16
387,47762,17
387,53263,18
387,44695,19
387,37326,20
389,76919,1
389,103114,2
389,70542,3
389,156185,4
389,138597,5
389,11142,6
389,47752,7
389,114623,8
389,67619,9
389,120974,10
389,64752,11
389,43259,12
389,120963,13
389,73684,14
389,92772,15
389,114619,16
389,213089,17
389,10685,18
389,114618,19
389,76916,20
391,54806,1
391,14572,2
391,23240,3
391,23241,4
391,22358,5
391,32453,6
391,38151,7
391,33345,8
391,3691,9
391,44342,10
391,54801,11
391,9442,12
391,42962,13
391,72997,14
391,87754,15
391,1623,16
391,52781,17
391,72998,18
391,24680,19
391,1754,20
392,441329,1
392,441233,2
392,217554,3
392,238139,4
392,185895,5
392,53727,6
392,74583,7
392,85666,8
392,89624,9
392,36546,10
392,122657,11
392,62638,12
392,71372,13
392,104632,14
392,159345,15
392,217563,16
392,217536,17
392,15213,18
392,202292,19
392,548549,20
394,17706,1
394,19521,2
394,29033,3
394,85223,4
394,31965,5
394,122041,6
394,55590,7
394,115611,8
394,17213,9
394,93713,10
394,34596,11
394,30417,12
394,44941,13
394,19193,14
394,122028,15
394,158216,16
394,62373,17
394,68238,18
394,140691,19
394,37475,20
395,13599,1
395,40654,2
395,55180,3
395,37291,4
395,29571,5
395,57307,6
395,57304,7
395,51176,8
395,44633,9
395,73637,10
395,88481,11
395,15541,12
395,22029,13
395,46073,14
395,34414,15
395,55176,16
395,59630,17
395,59613,18
395,7517,19
395,43218,20
397,29749,1
397,130244,2
397,338953,3
397,71400,4
397,16227,5
397,5812,6
397,238269,7
397,202426,8
397,579033,9
397,109997,10
397,29752,11
397,159409,12
397,109996,13
397,122710,14
397,255449,15
397,116436,16
397,172022,17
397,94065,18
397,202416,19
397,172013,20
398,30329,1
398,77055,2
398,51289,3
398,84680,4
398,80794,5
398,42039,6
398,31844,7
398,62116,8
398,47828,9
398,80798,10
398,114847,11
398,53356,12
398,27068,13
398,114852,14
398,92984,15
398,46194,16
398,108524,17
398,199265,18
398,169177,19
398,64902,20
400,4274,1
400,3410,2
400,36179,3
400,45880,4
400,19080,5
400,64316,6
400,180703,7
400,376962,8
400,211422,9
400,167425,10
400,167480,11
400,377005,12
400,247081,13
400,127019,14
400,211425,15
400,196930,16
400,73223,17
400,167468,18
400,522085,19
400,321514,20
401,272022,1
401,3054,2
401,178447,3
401,1460,4
401,245648,5
401,45731,6
401,371432,7
401,272031,8
401,29419,9
401,514143,10
401,514190,11
401,514142,12
401,514192,13
401,514215,14
401,514182,15
401,178457,16
401,514103,17
401,514196,18
401,514219,19
401,514147,20
402,21255,1
402,838,2
402,88588,3
402,17178,4
402,61992,5
402,147384,6
402,138652,7
402,97586,8
402,92842,9
402,59708,10
402,59713,11
402,103201,12
402,62019,13
402,39569,14
402,28268,15
402,80676,16
402,29592,17
402,33571,18
402,43280,19
402,39573,20
403,115086,1
403,328766,2
403,169559,3
403,51372,4
403,147875,5
403,156899,6
403,121361,7
403,214542,8
403,37382,9
403,249969,10
403,279040,11
403,5477,12
403,36418,13
403,51371,14
403,40793,15
403,47877,16
403,84855,17
403,93140,18
403,62185,19
403,97845,20
404,118975,1
404,225189,2
404,271028,3
404,106818,4
404,119059,5
404,271032,6
404,270962,7
404,125699,8
404,83356,9
404,209414,10
404,209413,11
404,225345,12
404,144786,13
404,101439,14
404,106792,15
404,271030,16
404,270970,17
404,244592,18
404,96052,19
404,118966,20
405,50945,1
405,28180,2
405,30210,3
405,20449,4
405,14605,5
405,137599,6
405,49164,7
405,33439,8
405,45935,9
405,43087,10
405,84130,11
405,146419,12
405,88155,13
405,47537,14
405,92259,15
405,61648,16
405,107797,17
405,102496,18
405,64396,19
405,67321,20
407,15520,1
407,15962,2
407,61641,3
407,11133,4
407,25254,5
407,22382,6
407,73326,7
407,7700,8
407,102556,9
407,47513,10
407,17409,11
407,80174,12
407,10413,13
407,11225,14
407,34333,15
407,27564,16
407,16652,17
407,57063,18
407,29500,19
407,38270,20
408,216615,1
408,53622,2
408,122225,3
408,185215,4
408,74407,5
408,93717,6
408,129576,7
408,10801,8
408,27125,9
408,11079,10
408,336504,11
408,89349,12
408,60206,13
408,116052,14
408,89344,15
408,65399,16
408,48055,17
408,116050,18
408,81411,19
408,44943,20
409,51542,1
409,43496,2
409,98398,3
409,98395,4
409,62429,5
409,40879,6
409,104168,7
409,98389,8
409,140676,9
409,22491,10
409,93617,11
409,36476,12
409,40870,13
409,44913,14
409,89249,15
409,68156,16
409,85336,17
409,89258,18
409,109278,19
409,55557,20
410,16680,1
410,70513,2
410,64726,3
410,17431,4
410,44649,5
410,13287,6
410,22424,7
410,53206,8
410,13602,9
410,16176,10
410,16681,11
410,13438,12
410,11422,13
410,14787,14
410,21249,15
410,18236,16
410,28909,17
410,13288,18
410,24779,19
410,11975,20
411,126171,1
411,5413,2
411,35108,3
411,15704,4
411,4699,5
411,6040,6
411,18765,7
411,126155,8
411,25184,9
411,54694,10
411,9100,11
411,14912,12
411,61365,13
411,35114,14
411,79638,15
411,66849,16
411,10327,17
411,113301,18
411,69793,19
411,79623,20
412,22537,1
412,81718,2
412,41037,3
412,122930,4
412,32897,5
412,37584,6
412,89780,7
412,77955,8
412,3673,9
412,18615,10
412,21725,11
412,33769,12
412,29776,13
412,15599,14
412,22534,15
412,49874,16
412,34679,17
412,31200,18
412,46532,19
412,37569,20
413,107567,1
413,92122,2
413,180286,3
413,146010,4
413,126895,5
413,73167,6
413,246845,7
413,126908,8
413,145991,9
413,274596,10
413,519640,11
413,180204,12
413,28155,13
413,180207,14
413,73170,15
413,196699,16
413,274627,17
413,274615,18
413,274568,19
413,79967,20
415,65282,1
415,81295,2
415,39721,3
415,109246,4
415,81270,5
415,81287,6
415,109258,7
415,24869,8
415,37442,9
415,85286,10
415,93610,11
415,71086,12
415,77506,13
415,36466,14
415,46364,15
415,49633,16
415,5780,17
415,89222,18
415,104144,19
415,68143,20
416,80671,1
416,55250,2
416,57395,3
416,88623,4
416,80669,5
416,88635,6
416,84586,7
416,88644,8
416,108381,9
416,88629,10
416,182994,11
416,156321,12
416,80684,13
416,147448,14
416,19489,15
416,25320,16
416,39577,17
416,51243,18
416,62026,19
416,103220,20
417,45620,1
417,408,2
417,36978,3
417,6559,4
417,20389,5
417,56570,6
417,8136,7
417,10739,8
417,12470,9
417,6202,10
417,23188,11
417,18748,12
417,14228,13
417,26848,14
417,17079,15
417,33233,16
417,26850,17
417,21121,18
417,23187,19
417,36976,20
418,91647,1
418,13232,2
418,10834,3
418,20412,4
418,15484,5
418,20781,6
418,22337,7
418,24663,8
418,26282,9
418,54679,10
418,44282,11
418,22331,12
418,113243,13
418,91648,14
418,87520,15
418,40374,16
418,9952,17
418,178402,18
418,27494,19
418,145330,20
419,109755,1
419,71316,2
419,171680,3
419,149456,4
419,254790,5
419,141170,6
419,53697,7
419,31165,8
419,217154,9
419,237833,10
419,185566,11
419,185577,12
419,65507,13
419,159046,14
419,202006,15
419,159029,16
419,22114,17
419,29070,18
419,89511,19
419,65501,20
420,36600,1
420,38746,2
420,78116,3
420,41065,4
420,85914,5
420,89915,6
420,110447,7
420,150286,8
420,14483,9
420,85923,10
420,150408,11
420,81918,12
420,68619,13
420,45092,14
420,94418,15
420,203522,16
420,186608,17
420,141989,18
420,187272,19
420,141939,20
425,59456,1
425,39465,2
425,49230,3
425,24747,4
425,32566,5
425,73459,6
425,3428,7
425,38312,8
425,88253,9
425,97195,10
425,49236,11
425,53062,12
425,15531,13
425,88250,14
425,80335,15
425,39459,16
425,8044,17
425,40583,18
425,24268,19
425,88260,20
426,442727,1
426,116490,2
426,94092,3
426,159555,4
426,255810,5
426,255802,6
426,255809,7
426,255800,8
426,255828,9
426,172208,10
426,172203,11
426,238780,12
426,442605,13
426,442504,14
426,442711,15
426,238759,16
426,339095,17
426,442788,18
426,238760,19
426,442502,20
430,15491,1
430,17377,2
430,107357,3
430,1378,4
430,83749,5
430,64143,6
430,50826,7
430,126482,8
430,47406,9
430,79780,10
430,69973,11
430,47414,12
430,52775,13
430,52793,14
430,9442,15
430,14240,16
430,2058,17
430,38175,18
430,56844,19
430,11709,20
432,16245,1
432,42388,2
432,150437,3
432,142015,4
432,116902,5
432,123182,6
432,71610,7
432,123196,8
432,160371,9
432,16744,10
432,203812,11
432,94455,12
432,15222,13
432,187499,14
432,131241,15
432,89975,16
432,23966,17
432,45115,18
432,65718,19
432,99313,20
433,37797,1
433,75405,2
433,66242,3
433,66229,4
433,46944,5
433,6028,6
433,29215,7
433,23073,8
433,90795,9
433,46937,10
433,46943,11
433,38939,12
433,75402,13
433,43910,14
433,24994,15
433,69219,16
433,18670,17
433,30608,18
433,3813,19
433,35835,20
434,1477,1
434,17579,2
434,17578,3
434,39072,4
434,28045,5
434,32311,6
434,13217,7
434,8355,8
434,54429,9
434,16092,10
434,23153,11
434,14550,12
434,32318,13
434,34990,14
434,6294,15
434,11810,16
434,16818,17
434,8024,18
434,31489,19
434,40252,20
439,148287,1
439,157213,2
439,234476,3
439,128653,4
439,121561,5
439,200295,6
439,128656,7
439,148281,8
439,184029,9
439,200307,10
439,38526,11
439,46271,12
439,169923,13
439,103652,14
439,334393,15
439,200306,16
439,121549,17
439,43402,18
439,15186,19
439,74043,20
442,172883,1
442,141969,2
442,46626,3
442,14484,4
442,131155,5
442,123150,6
442,141948,7
442,150375,8
442,123187,9
442,160350,10
442,187358,11
442,150387,12
442,123185,13
442,259258,14
442,68610,15
442,62832,16
442,116843,17
442,150381,18
442,20981,19
442,62839,20
445,2613,1
445,32146,2
445,24478,3
445,52049,4
445,31313,5
445,36702,6
445,24967,7
445,60717,8
445,30569,9
445,31312,10
445,38856,11
445,46803,12
445,189225,13
445,161890,14
445,123884,15
445,82443,16
445,161923,17
445,151432,18
445,99962,19
445,174300,20
448,43109,1
448,37223,2
448,1774,3
448,35252,4
448,30245,5
448,26997,6
448,70323,7
448,51043,8
448,30244,9
448,73438,10
448,38289,11
448,23783,12
448,45971,13
448,92425,14
448,38300,15
448,73385,16
448,114328,17
448,28870,18
448,70286,19
448,76584,20
450,36357,1
450,46153,2
450,47792,3
450,32671,4
450,5596,5
450,3750,6
450,39589,7
450,31825,8
450,31826,9
450,6699,10
450,11526,11
450,27656,12
450,20873,13
450,9528,14
450,38456,15
450,34461,16
450,6570,17
450,64842,18
450,59753,19
450,5075,20
451,21085,1
451,4882,2
451,19677,3
451,24561,4
451,11018,5
451,36887,6
451,11100,7
451,14547,8
451,16332,9
451,26808,10
451,11571,11
451,8019,12
451,11107,13
451,14207,14
451,14053,15
451,26184,16
451,14539,17
451,7870,18
451,22263,19
451,40236,20
453,27663,1
453,39588,2
453,62057,3
453,22440,4
453,38467,5
453,77021,6
453,3992,7
453,34460,8
453,49411,9
453,114794,10
453,44719,11
453,114797,12
453,138761,13
453,73790,14
453,10785,15
453,121096,16
453,57408,17
453,84618,18
453,14792,19
453,46162,20
454,155936,1
454,168518,2
454,229800,3
454,212584,4
454,155927,5
454,381055,6
454,526875,7
454,526878,8
454,526934,9
454,526872,10
454,526931,11
454,526893,12
454,198500,13
454,562570,14
454,562552,15
454,562540,16
454,562541,17
454,526935,18
454,326212,19
454,277353,20
455,44937,1
455,19522,2
455,85270,3
455,7992,4
455,27725,5
455,18575,6
455,29681,7
455,23902,8
455,31944,9
455,39740,10
455,68190,11
455,129431,12
455,60076,13
455,71120,14
455,18893,15
455,55578,16
455,49671,17
455,17212,18
455,98444,19
455,98438,20
457,159309,1
457,255295,2
457,60315,3
457,548457,4
457,548409,5
457,36545,6
457,185821,7
457,185836,8
457,338586,9
457,441093,10
457,441213,11
457,217499,12
457,130130,13
457,238142,14
457,255238,15
457,441215,16
457,217483,17
457,338520,18
457,441233,19
457,217497,20
458,6405,1
458,92596,2
458,30974,3
458,37246,4
458,14949,5
458,51113,6
458,80433,7
458,108099,8
458,146994,9
458,43175,10
458,120758,11
458,120757,12
458,127755,13
458,182209,14
458,44588,15
458,13944,16
458,198528,17
458,43174,18
458,21240,19
458,526953,20
460,16585,1
460,28048,2
460,28049,3
460,12893,4
460,66545,5
460,30031,6
460,4628,7
460,21105,8
460,491,9
460,69525,10
460,125208,11
460,16099,12
460,32325,13
460,36947,14
460,112437,15
460,37983,16
460,28056,17
460,75690,18
460,18104,19
460,118673,20
462,12191,1
462,126231,2
462,371911,3
462,245707,4
462,7835,5
462,28748,6
462,32431,7
462,40395,8
462,371935,9
462,178507,10
462,313154,11
462,514342,12
462,514317,13
462,559421,14
462,226348,15
462,195475,16
462,245722,17
462,272115,18
462,371922,19
462,126226,20
464,13777,1
464,103443,2
464,20889,3
464,114978,4
464,18555,5
464,6481,6
464,128360,7
464,14458,8
464,328489,9
464,386559,10
464,386522,11
464,386562,12
464,386563,13
464,386523,14
464,386530,15
464,532839,16
464,532800,17
464,532892,18
464,55360,19
464,386650,20
466,36755,1
466,32188,2
466,21396,3
466,95344,4
466,40092,5
466,24499,6
466,41312,7
466,45361,8
466,54182,9
466,72209,10
466,54181,11
466,69180,12
466,66195,13
466,37790,14
466,41313,15
466,43892,16
466,8922,17
466,18948,18
466,38925,19
466,90724,20
467,79521,1
467,33287,2
467,31564,3
467,52625,4
467,48890,5
467,56679,6
467,72764,7
467,101619,8
467,61296,9
467,106989,10
467,9880,11
467,40355,12
467,145096,13
467,66772,14
467,87413,15
467,45700,16
467,44253,17
467,209627,18
467,125961,19
467,66761,20
473,17690,1
473,47919,2
473,184142,3
473,235416,4
473,200731,5
473,157331,6
473,42117,7
473,74092,8
473,148351,9
473,93261,10
473,77292,11
473,115413,12
473,335565,13
473,70870,14
473,93256,15
473,98003,16
473,184288,17
473,184291,18
473,184287,19
473,121686,20
474,30915,1
474,8372,2
474,11729,3
474,37202,4
474,15333,5
474,7559,6
474,51008,7
474,32535,8
474,84116,9
474,47513,10
474,38250,11
474,16912,12
474,73283,13
474,30217,14
474,55021,15
474,28195,16
474,59382,17
474,31718,18
474,24719,19
474,26375,20
475,45990,1
475,18527,2
475,49236,3
475,11050,4
475,28215,5
475,33474,6
475,107993,7
475,70350,8
475,107991,9
475,14780,10
475,38317,11
475,35265,12
475,43146,13
475,67425,14
475,120618,15
475,51070,16
475,64576,17
475,38316,18
475,51068,19
475,31742,20
477,38511,1
477,5477,2
477,84815,3
477,214640,4
477,51364,5
477,88842,6
477,199606,7
477,36418,8
477,25348,9
477,30349,10
477,88847,11
477,21283,12
477,27684,13
477,39641,14
477,20902,15
477,80962,16
477,59876,17
477,77192,18
477,97850,19
477,80945,20
478,43296,1
478,43292,2
478,477,3
478,64842,4
478,49406,5
478,1272,6
478,3449,7
478,53295,8
478,3888,9
478,55261,10
478,25853,11
478,10785,12
478,40729,13
478,77003,14
478,22442,15
478,5418,16
478,37337,17
478,13954,18
478,27657,19
478,6476,20
479,146897,1
479,168344,2
479,3749,3
479,127682,4
479,155876,5
479,168403,6
479,526366,7
479,380783,8
479,168389,9
479,277183,10
479,277205,11
479,526461,12
479,325917,13
479,127672,14
479,76705,15
479,11415,16
479,168400,17
479,57193,18
479,182053,19
479,127691,20
480,38719,1
480,25438,2
480,41042,3
480,37576,4
480,55825,5
480,77956,6
480,46570,7
480,99005,8
480,89809,9
480,159941,10
480,110251,11
480,77962,12
480,48187,13
480,141752,14
480,24434,15
480,60432,16
480,89767,17
480,186412,18
480,25998,19
480,46555,20
481,15923,1
481,38130,2
481,72930,3
481,126339,4
481,39268,5
481,83638,6
481,50756,7
481,61411,8
481,79716,9
481,66928,10
481,54746,11
481,20418,12
481,69872,13
481,66931,14
481,38132,15
481,69865,16
481,113404,17
481,27515,18
481,18153,19
481,136589,20
483,49206,1
483,33454,2
483,28864,3
483,28859,4
483,45949,5
483,27600,6
483,51032,7
483,36228,8
483,31733,9
483,19122,10
483,70313,11
483,64534,12
483,47572,13
483,55025,14
483,92393,15
483,97168,16
483,67373,17
483,49191,18
483,28860,19
483,18840,20
484,42680,1
484,295974,2
484,4693,3
484,264997,4
484,582410,5
484,357084,6
484,25062,7
484,124844,8
484,112052,9
484,163706,10
484,144038,11
484,207385,12
484,264984,13
484,264987,14
484,264985,15
484,264851,16
484,295965,17
484,356980,18
484,356934,19
484,223333,20
488,16626,1
488,23723,2
488,22369,3
488,28149,4
488,76305,5
488,50877,6
488,73140,7
488,41757,8
488,33377,9
488,28777,10
488,64266,11
488,32478,12
488,20801,13
488,50887,14
488,50886,15
488,61550,16
488,28152,17
488,61551,18
488,12075,19
488,137192,20
490,150843,1
490,160852,2
490,90153,3
490,240568,4
490,343209,5
490,290770,6
490,240584,7
490,240565,8
490,290764,9
490,110717,10
490,117180,11
490,160858,12
490,86117,13
490,204362,14
490,160854,15
490,187992,16
490,160872,17
490,110707,18
490,343223,19
490,260420,20
495,67106,1
495,87846,2
495,56902,3
495,56903,4
495,96663,5
495,73103,6
495,70030,7
495,166517,8
495,38184,9
495,154696,10
495,79887,11
495,92007,12
495,27538,13
495,73106,14
495,49060,15
495,33369,16
495,43004,17
495,37117,18
495,70035,19
495,64231,20
496,126291,1
496,119595,2
496,61424,3
496,126343,4
496,31616,5
496,165717,6
496,76120,7
496,64085,8
496,126354,9
496,195599,10
496,13720,11
496,13057,12
496,36108,13
496,61419,14
496,40411,15
496,113376,16
496,45761,17
496,64092,18
496,38125,19
496,83647,20
499,121949,1
499,170905,2
499,65219,3
499,81213,4
499,49594,5
499,89115,6
499,121950,7
499,77442,8
499,47960,9
499,109126,10
499,109137,11
499,109127,12
499,85191,13
499,62334,14
499,109132,15
499,98248,16
499,30393,17
499,93496,18
499,49592,19
499,85188,20
500,83673,1
500,34228,2
500,91790,3
500,61425,4
500,50771,5
500,7348,6
500,31621,7
500,42940,8
500,96433,9
500,72955,10
500,47367,11
500,119588,12
500,16124,13
500,33324,14
500,10264,15
500,44328,16
500,76142,17
500,72951,18
500,313320,19
500,126347,20
503,36242,1
503,36249,2
503,26991,3
503,102828,4
503,84232,5
503,76636,6
503,40590,7
503,47589,8
503,247814,9
503,76658,10
503,61746,11
503,88235,12
503,64559,13
503,40573,14
503,70338,15
503,39454,16
503,28211,17
503,20152,18
503,84242,19
503,59451,20
504,156177,1
504,278240,2
504,182833,3
504,182831,4
504,278245,5
504,248528,6
504,531108,7
504,384369,8
504,531118,9
504,531119,10
504,384175,11
504,531113,12
504,531107,13
504,531099,14
504,531086,15
504,564505,16
504,531079,17
504,531080,18
504,531104,19
504,384237,20
505,54562,1
505,54561,2
505,47196,3
505,5081,4
505,50614,5
505,63832,6
505,7089,7
505,26854,8
505,3627,9
505,41583,10
505,44193,11
505,26253,12
505,23664,13
505,30071,14
505,21511,15
505,11702,16
505,14065,17
505,21129,18
505,3616,19
505,30757,20
506,44368,1
506,96589,2
506,21555,3
506,4539,4
506,50826,5
506,79850,6
506,42988,7
506,2078,8
506,87813,9
506,52818,10
506,18781,11
506,126662,12
506,45820,13
506,69990,14
506,61495,15
506,44372,16
506,73062,17
506,37108,18
506,38172,19
506,30859,20
507,28499,1
507,13812,2
507,11892,3
507,22161,4
507,63008,5
507,19260,6
507,46748,7
507,68785,8
507,38806,9
507,63006,10
507,45205,11
507,50052,12
507,43770,13
507,27250,14
507,63047,15
507,46720,16
507,27238,17
507,35732,18
507,78402,19
507,31276,20
510,12378,1
510,103112,2
510,230648,3
510,12099,4
510,80597,5
510,327639,6
510,198896,7
510,384544,8
510,384557,9
510,327630,10
510,147288,11
510,278289,12
510,278292,13
510,278291,14
510,278270,15
510,248536,16
510,384537,17
510,327583,18
510,327624,19
510,327631,20
511,73527,1
511,61819,2
511,138301,3
511,53103,4
511,76726,5
511,155893,6
511,212565,7
511,212594,8
511,138295,9
511,155890,10
511,212585,11
511,108054,12
511,76729,13
511,182074,14
511,114417,15
511,97297,16
511,84328,17
511,97296,18
511,182087,19
511,212601,20
512,24372,1
512,27099,2
512,53473,3
512,33659,4
512,51453,5
512,65154,6
512,157656,7
512,12536,8
512,28352,9
512,93464,10
512,42145,11
512,129079,12
512,93452,13
512,74143,14
512,109064,15
512,81194,16
512,74177,17
512,16707,18
512,32776,19
512,39678,20
514,205928,1
514,100190,2
514,263005,3
514,143298,4
514,242171,5
514,492653,6
514,492654,7
514,46897,8
514,86609,9
514,86608,10
514,95277,11
514,111517,12
514,554143,13
514,189563,14
514,293753,15
514,242169,16
514,492298,17
514,492181,18
514,262954,19
514,263006,20
516,18712,1
516,95724,2
516,5581,3
516,15458,4
516,100676,5
516,45504,6
516,14530,7
516,10899,8
516,22650,9
516,37922,10
516,39057,11
516,28019,12
516,27367,13
516,56466,14
516,25611,15
516,17319,16
516,66456,17
516,7870,18
516,16563,19
516,48709,20
518,17102,1
518,52785,2
518,79807,3
518,79802,4
518,113585,5
518,119765,6
518,273203,7
518,246322,8
518,50798,9
518,273204,10
518,226943,11
518,166233,12
518,374296,13
518,374231,14
518,166278,15
518,515307,16
518,102021,17
518,67034,18
518,196054,19
518,317253,20
521,7708,1
521,53779,2
521,74703,3
521,71504,4
521,24936,5
521,18918,6
521,29099,7
521,25439,8
521,49888,9
521,17732,10
521,37579,11
521,41019,12
521,36582,13
521,32909,14
521,41043,15
521,30487,16
521,74724,17
521,36577,18
521,46578,19
521,89805,20
524,213330,1
524,64858,2
524,59759,3
524,147486,4
524,35394,5
524,73779,6
524,42023,7
524,18549,8
524,7155,9
524,7197,10
524,30313,11
524,47801,12
524,31828,13
524,14792,14
524,73775,15
524,12813,16
524,1482,17
524,18243,18
524,1276,19
524,24319,20
525,58134,1
525,99419,2
525,82044,3
525,24949,4
525,30511,5
525,39932,6
525,35691,7
525,71669,8
525,55930,9
525,6282,10
525,6967,11
525,9706,12
525,16037,13
525,12560,14
525,12413,15
525,19931,16
525,23972,17
525,32951,18
525,33839,19
525,20601,20
526,56409,1
526,66380,2
526,58683,3
526,54350,4
526,143844,5
526,34922,6
526,22636,7
526,26745,8
526,33106,9
526,34921,10
526,35896,11
526,27338,12
526,34011,13
526,42657,14
526,63495,15
526,45466,16
526,36836,17
526,27333,18
526,90980,19
526,63489,20
528,28289,1
528,17947,2
528,46166,3
528,19154,4
528,14964,5
528,156342,6
528,77023,7
528,77022,8
528,40742,9
528,34463,10
528,62062,11
528,8207,12
528,77020,13
528,77024,14
528,20178,15
528,7392,16
528,49417,17
528,43299,18
528,42020,19
528,12517,20
530,121261,1
530,114951,2
530,231223,3
530,249035,4
530,278814,5
530,328504,6
530,199346,7
530,328497,8
530,386311,9
530,386706,10
530,231258,11
530,386596,12
530,147698,13
530,249077,14
530,42061,15
530,278824,16
530,386749,17
530,386476,18
530,231257,19
530,532748,20
531,39290,1
531,1661,2
531,9885,3
531,113551,4
531,41710,5
531,87748,6
531,1640,7
531,83732,8
531,1457,9
531,44340,10
531,1580,11
531,1894,12
531,41712,13
531,119746,14
531,10403,15
531,26313,16
531,3409,17
531,26314,18
531,1577,19
531,64152,20
532,19726,1
532,194791,2
532,72680,3
532,7726,4
532,32405,5
532,6263,6
532,1674,7
532,10931,8
532,63865,9
532,3928,10
532,18433,11
532,35075,12
532,4113,13
532,83336,14
532,91416,15
532,18139,16
532,63873,17
532,58895,18
532,2120,19
532,56627,20
533,6269,1
533,53040,2
533,37228,3
533,57078,4
533,80345,5
533,14431,6
533,70158,7
533,127595,8
533,181510,9
533,107724,10
533,21995,11
533,35216,12
533,67361,13
533,11414,14
533,12506,15
533,127591,16
533,36191,17
533,61595,18
533,57162,19
533,127571,20
537,3123,1
537,5244,2
537,21602,3
537,11129,4
537,39415,5
537,24702,6
537,41842,7
537,25781,8
537,70282,9
537,76560,10
537,24701,11
537,67361,12
537,35187,13
537,44439,14
537,8246,15
537,21591,16
537,11511,17
537,12795,18
537,24246,19
537,12355,20
538,157800,1
538,108994,2
538,200998,3
538,57614,4
538,65151,5
538,170575,6
538,93399,7
538,70937,8
538,157805,9
538,65152,10
538,128946,11
538,201000,12
538,108991,13
538,115503,14
538,251768,15
538,121780,16
538,6837,17
538,148589,18
538,115497,19
538,98115,20
542,27065,1
542,92975,2
542,46187,3
542,20882,4
542,40762,5
542,44742,6
542,40761,7
542,114864,8
542,24816,9
542,57445,10
542,67763,11
542,42044,12
542,92965,13
542,28299,14
542,57454,15
542,59805,16
542,121168,17
542,92993,18
542,59809,19
542,25333,20
543,65435,1
543,104338,2
543,109496,3
543,55646,4
543,30431,5
543,60226,6
543,32840,7
543,14827,8
543,171421,9
543,29717,10
543,171422,11
543,71236,12
543,51628,13
543,149234,14
543,60229,15
543,28408,16
543,93775,17
543,53653,18
543,116118,19
543,201656,20
544,66951,1
544,52753,2
544,107265,3
544,56808,4
544,16123,5
544,39277,6
544,76139,7
544,101901,8
544,126346,9
544,19743,10
544,37081,11
544,47368,12
544,48982,13
544,2254,14
544,101902,15
544,59095,16
544,39272,17
544,16121,18
544,83656,19
544,42934,20
545,67433,1
545,55078,2
545,7978,3
545,10506,4
545,10856,5
545,11233,6
545,12802,7
545,21237,8
545,22849,9
545,32578,10
545,73489,11
545,59496,12
545,114405,13
545,19805,14
545,41895,15
545,38339,16
545,25286,17
545,155856,18
545,229614,19
545,181757,20
547,37983,1
547,27414,2
547,50520,3
547,125046,4
547,28657,5
547,66505,6
547,19017,7
547,87013,8
547,28054,9
547,21893,10
547,27417,11
547,34994,12
547,16819,13
547,34083,14
547,41507,15
547,30719,16
547,16583,17
547,10474,18
547,9872,19
547,16339,20
553,49317,1
553,36298,2
553,4444,3
553,11052,4
553,14785,5
553,31763,6
553,17430,7
553,55175,8
553,41947,9
553,61909,10
553,37273,11
553,73632,12
553,67583,13
553,17940,14
553,43226,15
553,67574,16
553,43225,17
553,38391,18
553,108216,19
553,70474,20
554,32127,1
554,63006,2
554,32989,3
554,23996,4
554,22562,5
554,12270,6
554,26041,7
554,37665,8
554,8648,9
554,86207,10
554,23040,11
554,39980,12
554,21368,13
554,27240,14
554,23992,15
554,27253,16
554,14848,17
554,41172,18
554,50063,19
554,33892,20
558,201660,1
558,253044,2
558,7852,3
558,216737,4
558,122306,5
558,23923,6
558,158545,7
558,185304,8
558,104337,9
558,20225,10
558,253048,11
558,253059,12
558,185302,13
558,116120,14
558,8772,15
558,116112,16
558,57828,17
558,35579,18
558,48078,19
558,65430,20
559,75009,1
559,123622,2
559,142699,3
559,173825,4
559,117322,5
559,220591,6
559,142624,7
559,241057,8
559,123604,9
559,240967,10
559,29150,11
559,86212,12
559,220635,13
559,151140,14
559,151068,15
559,204919,16
559,343757,17
559,110877,18
559,45181,19
559,151108,20
562,38931,1
562,100233,2
562,100232,3
562,206313,4
562,86639,5
562,90705,6
562,17518,7
562,32199,8
562,162505,9
562,52141,10
562,60861,11
562,111584,12
562,56270,13
562,54172,14
562,38923,15
562,75337,16
562,72188,17
562,69180,18
562,106036,19
562,38925,20
564,7285,1
564,8778,2
564,9194,3
564,8105,4
564,7404,5
564,24943,6
564,12266,7
564,23969,8
564,12413,9
564,71623,10
564,18321,11
564,42396,12
564,32944,13
564,16503,14
564,17748,15
564,21738,16
564,37624,17
564,23021,18
564,31247,19
564,24451,20
565,153504,1
565,225514,2
565,225515,3
565,510278,4
565,271039,5
565,54593,6
565,4018,7
565,91428,8
565,194855,9
565,194837,10
565,510321,11
565,510318,12
565,244966,13
565,26868,14
565,244954,15
565,510255,16
565,244925,17
565,153501,18
565,209423,19
565,209420,20
569,5204,1
569,6381,2
569,35589,3
569,237606,4
569,85568,5
569,55678,6
569,77723,7
569,4721,8
569,201874,9
569,237640,10
569,129803,11
569,217024,12
569,53685,13
569,284785,14
569,62571,15
569,171587,16
569,284729,17
569,284780,18
569,171567,19
569,171568,20
572,60802,1
572,38887,2
572,29906,3
572,205789,4
572,21785,5
572,174584,6
572,133269,7
572,75300,8
572,133349,9
572,151616,10
572,189455,11
572,75302,12
572,133319,13
572,29910,14
572,35802,15
572,33939,16
572,52108,17
572,100153,18
572,56227,19
572,124191,20
575,1152,1
575,532507,2
575,70635,3
575,103283,4
575,169111,5
575,386170,6
575,156380,7
575,183094,8
575,183101,9
575,278650,10
575,386071,11
575,147506,12
575,80738,13
575,199132,14
575,138834,15
575,386153,16
575,386178,17
575,386186,18
575,156379,19
575,386142,20
577,114667,1
577,198957,2
577,248644,3
577,213150,4
577,384873,5
577,230706,6
577,198959,7
577,213171,8
577,278459,9
577,248642,10
577,248643,11
577,248639,12
577,76946,13
577,84541,14
577,168941,15
577,278422,16
577,213157,17
577,64769,18
577,80631,19
577,97540,20
578,17840,1
578,20054,2
578,8805,3
578,20750,4
578,54533,5
578,54534,6
578,72607,7
578,16592,8
578,52526,9
578,61196,10
578,32353,11
578,87204,12
578,56549,13
578,39125,14
578,35996,15
578,1387,16
578,20380,17
578,52529,18
578,14062,19
578,8356,20
582,9876,1
582,41567,2
582,224650,3
582,56566,4
582,362359,5
582,270402,6
582,362322,7
582,362270,8
582,556765,9
582,507566,10
582,308325,11
582,507618,12
582,507523,13
582,308335,14
582,308355,15
582,556763,16
582,556759,17
582,362275,18
582,362314,19
582,224651,20
583,66161,1
583,60849,2
583,66160,3
583,111527,4
583,15848,5
583,82703,6
583,38904,7
583,90661,8
583,41295,9
583,1213,10
583,46894,11
583,58509,12
583,56237,13
583,63282,14
583,56236,15
583,86596,16
583,31358,17
583,82695,18
583,45336,19
583,40073,20
584,25166,1
584,7880,2
584,21526,3
584,14066,4
584,3591,5
584,3910,6
584,54597,7
584,31556,8
584,66666,9
584,106785,10
584,1990,11
584,87274,12
584,6691,13
584,14234,14
584,676,15
584,4094,16
584,106840,17
584,22749,18
584,35065,19
584,16610,20
585,35423,1
585,7201,2
585,73920,3
585,20890,4
585,53380,5
585,62146,6
585,47858,7
585,121273,8
585,88775,9
585,59845,10
585,47864,11
585,70715,12
585,147691,13
585,114973,14
585,128345,15
585,25344,16
585,34491,17
585,35429,18
585,70725,19
585,121275,20
586,167433,1
586,8819,2
586,12633,3
586,10024,4
586,7507,5
586,44434,6
586,39365,7
586,126971,8
586,47492,9
586,196865,10
586,127059,11
586,80004,12
586,96805,13
586,1861,14
586,39367,15
586,137432,16
586,167031,17
586,10330,18
586,56980,19
586,274853,20
587,73022,1
587,67040,2
587,3705,3
587,83770,4
587,39312,5
587,73030,6
587,49021,7
587,39310,8
587,59166,9
587,44359,10
587,67041,11
587,83767,12
587,73027,13
587,19753,14
587,67039,15
587,107415,16
587,69968,17
587,36141,18
587,38159,19
587,50809,20
588,21911,1
588,2350,2
588,6295,3
588,22314,4
588,41588,5
588,36033,6
588,15095,7
588,3776,8
588,9225,9
588,3311,10
588,41585,11
588,1686,12
588,3908,13
588,5081,14
588,21517,15
588,2899,16
588,6614,17
588,6233,18
588,161,19
588,8620,20
590,54496,1
590,177447,2
590,269971,3
590,269986,4
590,504193,5
590,504158,6
590,224207,7
590,91259,8
590,208029,9
590,224294,10
590,164629,11
590,224274,12
590,224284,13
590,224280,14
590,224281,15
590,224271,16
590,144422,17
590,361381,18
590,270011,19
590,361537,20
592,7102,1
592,199266,2
592,199267,3
592,156512,4
592,156511,5
592,147617,6
592,57471,7
592,43332,8
592,169206,9
592,43331,10
592,62113,11
592,156518,12
592,103360,13
592,103353,14
592,108539,15
592,88729,16
592,80796,17
592,6208,18
592,121210,19
592,51308,20
593,52699,1
593,59031,2
593,574,3
593,15916,4
593,113351,5
593,83604,6
593,136535,7
593,107189,8
593,64036,9
593,101833,10
593,96369,11
593,126268,12
593,40394,13
593,119521,14
593,72861,15
593,145444,16
593,101832,17
593,33311,18
593,6617,19
593,72869,20
594,338959,1
594,255471,2
594,285526,3
594,579087,4
594,255474,5
594,202434,6
594,338964,7
594,338962,8
594,338961,9
594,285559,10
594,94068,11
594,338952,12
594,33763,13
594,238296,14
594,130238,15
594,149796,16
594,62658,17
594,98885,18
594,159406,19
594,579088,20
595,141569,1
595,10058,2
595,238469,3
595,81699,4
595,116480,5
595,116477,6
595,116476,7
595,116468,8
595,130311,9
595,104736,10
595,110029,11
595,159483,12
595,81692,13
595,94088,14
595,202657,15
595,130297,16
595,130296,17
595,57940,18
595,172097,19
595,141546,20
597,16982,1
597,24411,2
597,68344,3
597,81567,4
597,31167,5
597,36532,6
597,33748,7
597,20569,8
597,43570,9
597,254779,10
597,29070,11
597,98709,12
597,141173,13
597,129913,14
597,202005,15
597,159031,16
597,129925,17
597,141162,18
597,201987,19
597,89516,20
598,96216,1
598,125997,2
598,52637,3
598,125972,4
598,512814,5
598,178157,6
598,195026,7
598,245192,8
598,44260,9
598,271443,10
598,52632,11
598,245196,12
598,245197,13
598,512758,14
598,512764,15
598,136215,16
598,512819,17
598,512698,18
598,225885,19
598,271492,20
599,46433,1
599,65417,2
599,9391,3
599,53645,4
599,109462,5
599,30424,6
599,71216,7
599,55640,8
599,98548,9
599,98550,10
599,39769,11
599,31980,12
599,104318,13
599,42251,14
599,62499,15
599,116086,16
599,104320,17
599,109466,18
599,71210,19
599,15395,20
600,334635,1
600,14981,2
600,6447,3
600,393175,4
600,139477,5
600,148306,6
600,70864,7
600,93245,8
600,184066,9
600,393168,10
600,234872,11
600,283128,12
600,283140,13
600,393177,14
600,393155,15
600,393164,16
600,393161,17
600,393176,18
600,16197,19
600,535737,20
603,83541,1
603,209957,2
603,145363,3
603,39232,4
603,113244,5
603,271951,6
603,10262,7
603,91646,8
603,54681,9
603,42894,10
603,195386,11
603,52677,12
603,52679,13
603,107122,14
603,72837,15
603,52680,16
603,209954,17
603,87529,18
603,2982,19
603,76032,20
604,95337,1
604,56269,2
604,63309,3
604,26099,4
604,63308,5
604,36755,6
604,40085,7
604,36754,8
604,46907,9
604,41311,10
604,82753,11
604,58535,12
604,24021,13
604,63305,14
604,66183,15
604,69171,16
604,63303,17
604,28556,18
604,20642,19
604,52148,20
605,33274,1
605,32387,2
605,7552,3
605,627,4
605,7021,5
605,54556,6
605,3030,7
605,12899,8
605,31534,9
605,33266,10
605,244433,11
605,25694,12
605,208505,13
605,19720,14
605,4286,15
605,3439,16
605,21529,17
605,48816,18
605,22726,19
605,34148,20
606,50347,1
606,38951,2
606,45388,3
606,86719,4
606,10070,5
606,17265,6
606,46953,7
606,6121,8
606,9139,9
606,31387,10
606,25001,11
606,26113,12
606,58588,13
606,24034,14
606,41347,15
606,75421,16
606,38956,17
606,23077,18
606,9634,19
606,95439,20
615,57789,1
615,42238,2
615,34581,3
615,40897,4
615,29033,5
615,27741,6
615,55623,7
615,22950,8
615,34586,9
615,7244,10
615,65391,11
615,7992,12
615,17704,13
615,42232,14
615,51586,15
615,12687,16
615,40895,17
615,34587,18
615,29030,19
615,51585,20
616,119933,1
616,73122,2
616,54874,3
616,30169,4
616,61538,5
616,70054,6
616,26331,7
616,37125,8
616,246666,9
616,54875,10
616,61539,11
616,29459,12
616,70069,13
616,12201,14
616,73135,15
616,39343,16
616,113733,17
616,96679,18
616,56915,19
616,73133,20
617,40802,1
617,81050,2
617,74011,3
617,5022,4
617,26493,5
617,27087,6
617,121506,7
617,51414,8
617,139369,9
617,148182,10
617,169969,11
617,62233,12
617,115305,13
617,38518,14
617,121454,15
617,11868,16
617,200199,17
617,5479,18
617,282791,19
617,97974,20
618,14178,1
618,29221,2
618,25021,3
618,48586,4
618,14515,5
618,21413,6
618,40130,7
618,69273,8
618,15039,9
618,27310,10
618,33085,11
618,23087,12
618,40132,13
618,19291,14
618,54254,15
618,20659,16
618,5968,17
618,25542,18
618,31387,19
618,43946,20
621,12616,1
621,12314,2
621,66622,3
621,8806,4
621,69598,5
621,9156,6
621,39128,7
621,22716,8
621,13224,9
621,28682,10
621,9574,11
621,52535,12
621,30740,13
621,9942,14
621,39130,15
621,47163,16
621,33226,17
621,15693,18
621,7302,19
621,22717,20
622,81694,1
622,202609,2
622,238644,3
622,218275,4
622,68434,5
622,285864,6
622,285849,7
622,285853,8
622,159549,9
622,285852,10
622,159541,11
622,159548,12
622,71422,13
622,141544,14
622,285850,15
622,218294,16
622,285854,17
622,149897,18
622,159532,19
622,285856,20
623,89879,1
623,74783,2
623,53835,3
623,48228,4
623,65707,5
623,43674,6
623,62798,7
623,8906,8
623,38742,9
623,94380,10
623,18617,11
623,32931,12
623,28466,13
623,43676,14
623,32926,15
623,65704,16
623,38749,17
623,23471,18
623,13652,19
623,65698,20
627,31179,1
627,27786,2
627,104573,3
627,40984,4
627,202193,5
627,130085,6
627,238010,7
627,141332,8
627,159190,9
627,130083,10
627,149619,11
627,62629,12
627,141325,13
627,122590,14
627,185764,15
627,238018,16
627,57907,17
627,159194,18
627,46495,19
627,81620,20
628,72486,1
628,25130,2
628,45615,3
628,87217,4
628,63815,5
628,118815,6
628,69601,7
628,36970,8
628,91336,9
628,50596,10
628,47142,11
628,3381,12
628,34079,13
628,72487,14
628,31481,15
628,87180,16
628,3014,17
628,44176,18
628,45607,19
628,812,20
630,20996,1
630,22558,2
630,55994,3
630,55990,4
630,42422,5
630,32970,6
630,28491,7
630,16040,8
630,18925,9
630,55996,10
630,74977,11
630,5685,12
630,58198,13
630,19257,14
630,60564,15
630,46700,16
630,34730,17
630,34729,18
630,55987,19
630,42425,20
632,3788,1
632,34855,2
632,82796,3
632,45371,4
632,78758,5
632,66217,6
632,69213,7
632,95418,8
632,21032,9
632,100331,10
632,60903,11
632,43915,12
632,50325,13
632,48546,14
632,100327,15
632,36766,16
632,90769,17
632,54201,18
632,34853,19
632,10624,20
637,89627,1
637,171933,2
637,338679,3
637,89630,4
637,441301,5
637,391,6
637,16492,7
637,68392,8
637,285312,9
637,171928,10
637,98818,11
637,26602,12
637,159333,13
637,202324,14
637,255331,15
637,185876,16
637,185877,17
637,122642,18
637,217557,19
637,217558,20
638,15468,1
638,18735,2
638,22696,3
638,25645,4
638,29323,5
638,17334,6
638,54448,7
638,40258,8
638,6951,9
638,40254,10
638,36913,11
638,61136,12
638,35964,13
638,20036,14
638,14383,15
638,22701,16
638,26215,17
638,63597,18
638,106621,19
638,63653,20
639,164641,1
639,177449,2
639,505975,3
639,308152,4
639,308151,5
639,26242,6
639,177455,7
639,52520,8
639,7466,9
639,224302,10
639,177453,11
639,194165,12
639,556557,13
639,164655,14
639,224304,15
639,10641,16
639,194204,17
639,270099,18
639,270069,19
639,144468,20
641,24060,1
641,45479,2
641,39022,3
641,22223,4
641,29975,5
641,58703,6
641,27343,7
641,34935,8
641,22639,9
641,36849,10
641,37902,11
641,91017,12
641,26753,13
641,24059,14
641,21822,15
641,31441,16
641,39024,17
641,9080,18
641,19306,19
641,50459,20
645,40724,1
645,23827,2
645,7565,3
645,42004,4
645,121057,5
645,7238,6
645,31811,7
645,31810,8
645,37329,9
645,28928,10
645,34446,11
645,53269,12
645,30303,13
645,28272,14
645,92884,15
645,7663,16
645,121064,17
645,88639,18
645,28277,19
645,73757,20
647,532258,1
647,532250,2
647,39586,3
647,53299,4
647,183034,5
647,278541,6
647,328005,7
647,385586,8
647,385499,9
647,385734,10
647,385720,11
647,385638,12
647,385730,13
647,385414,14
647,385576,15
647,385578,16
647,385339,17
647,385634,18
647,385347,19
647,385467,20
648,14957,1
648,16178,2
648,44664,3
648,24307,4
648,67625,5
648,73687,6
648,64761,7
648,108302,8
648,128002,9
648,46103,10
648,88543,11
648,198882,12
648,31018,13
648,138598,14
648,103121,15
648,37312,16
648,46102,17
648,80607,18
648,41971,19
648,27646,20
652,43030,1
652,43009,2
652,92129,3
652,45871,4
652,246945,5
652,518549,6
652,274762,7
652,274692,8
652,113744,9
652,137265,10
652,211235,11
652,145917,12
652,7600,13
652,22792,14
652,44400,15
652,61553,16
652,76293,17
652,25227,18
652,13243,19
652,39337,20
654,126236,1
654,126252,2
654,136519,3
654,119518,4
654,87579,5
654,39256,6
654,34210,7
654,30128,8
654,66894,9
654,5617,10
654,76089,11
654,69847,12
654,39259,13
654,52718,14
654,72892,15
654,31595,16
654,79652,17
654,66875,18
654,64028,19
654,64031,20
659,33433,1
659,67328,2
659,57067,3
659,28849,4
659,38280,5
659,17154,6
659,33450,7
659,40547,8
659,14774,9
659,21991,10
659,64475,11
659,84175,12
659,30216,13
659,92320,14
659,59390,15
659,27585,16
659,39417,17
659,45934,18
659,31718,19
659,34339,20
662,64556,1
662,57161,2
662,97110,3
662,4101,4
662,20463,5
662,38302,6
662,32557,7
662,9178,8
662,18511,9
662,33465,10
662,21227,11
662,212325,12
662,24739,13
662,40579,14
662,30231,15
662,28212,16
662,30926,17
662,22826,18
662,64505,19
662,45977,20
664,56005,1
664,86182,2
664,173883,3
664,110861,4
664,23483,5
664,21363,6
664,74997,7
664,204931,8
664,151074,9
664,151090,10
664,188479,11
664,151079,12
664,204946,13
664,220561,14
664,188463,15
664,71807,16
664,220554,17
664,142581,18
664,94743,19
664,99642,20
666,173646,1
666,90171,2
666,240658,3
666,261053,4
666,30523,5
666,123545,6
666,34726,7
666,142433,8
666,151001,9
666,240677,10
666,142435,11
666,46692,12
666,71766,13
666,71775,14
666,46690,15
666,131832,16
666,86147,17
666,99573,18
666,161138,19
666,142420,20
669,18935,1
669,72021,2
669,33919,3
669,38865,4
669,48457,5
669,52070,6
669,111278,7
669,40044,8
669,34807,9
669,27270,10
669,69035,11
669,60748,12
669,78544,13
669,60755,14
669,66066,15
669,69021,16
669,18933,17
669,33916,18
669,34808,19
669,56154,20
670,157184,1
670,121572,2
670,17962,3
670,59967,4
670,35461,5
670,103701,6
670,49524,7
670,62237,8
670,49522,9
670,108785,10
670,19855,11
670,34518,12
670,65073,13
670,9186,14
670,31887,15
670,55433,16
670,42116,17
670,70827,18
670,24837,19
670,31893,20
673,28383,1
673,28384,2
673,37468,3
673,18580,4
673,33701,5
673,48044,6
673,40893,7
673,55621,8
673,25927,9
673,51589,10
673,68223,11
673,43522,12
673,40897,13
673,71193,14
673,68222,15
673,62472,16
673,24391,17
673,31136,18
673,62473,19
673,29691,20
674,13771,1
674,9905,2
674,13960,3
674,13958,4
674,30325,5
674,18247,6
674,12520,7
674,11745,8
674,29606,9
674,19159,10
674,27674,11
674,14303,12
674,3769,13
674,11245,14
674,11860,15
674,7747,16
674,8048,17
674,11429,18
674,16690,19
674,9381,20
675,44983,1
675,158638,2
675,171520,3
675,104392,4
675,171541,5
675,85567,6
675,158833,7
675,185435,8
675,253106,9
675,149350,10
675,104385,11
675,336993,12
675,336958,13
675,237384,14
675,141051,15
675,237623,16
675,149311,17
675,337086,18
675,98638,19
675,149327,20
676,80246,1
676,181321,2
676,61692,3
676,18831,4
676,55015,5
676,107893,6
676,53012,7
676,14103,8
676,92365,9
676,73378,10
676,39432,11
676,11732,12
676,16417,13
676,34337,14
676,23773,15
676,18511,16
676,114213,17
676,102734,18
676,80254,19
676,76576,20
681,343740,1
681,110841,2
681,94728,3
681,240944,4
681,220498,5
681,142492,6
681,142516,7
681,99602,8
681,161413,9
681,475992,10
681,220474,11
681,50034,12
681,117264,13
681,188266,14
681,151040,15
681,110824,16
681,161402,17
681,220505,18
681,62967,19
681,188265,20
682,30286,1
682,27640,2
682,64736,3
682,37305,4
682,127968,5
682,7662,6
682,97500,7
682,67613,8
682,67603,9
682,40692,10
682,57327,11
682,35351,12
682,40691,13
682,38404,14
682,33540,15
682,31789,16
682,37303,17
682,44661,18
682,34429,19
682,37307,20
687,73059,1
687,73045,2
687,15491,3
687,13239,4
687,26317,5
687,14240,6
687,50808,7
687,50819,8
687,24203,9
687,29443,10
687,14916,11
687,35145,12
687,14575,13
687,52809,14
687,102077,15
687,59176,16
687,50821,17
687,69987,18
687,21552,19
687,30145,20
688,22472,1
688,17687,2
688,55426,3
688,51411,4
688,77275,5
688,67971,6
688,103679,7
688,108822,8
688,128670,9
688,108821,10
688,184046,11
688,169949,12
688,157275,13
688,392881,14
688,215231,15
688,215236,16
688,215234,17
688,184055,18
688,184057,19
688,121577,20
690,8023,1
690,31493,2
690,21881,3
690,7876,4
690,25642,5
690,31488,6
690,21882,7
690,16094,8
690,34074,9
690,40250,10
690,23153,11
690,22691,12
690,26819,13
690,41500,14
690,27413,15
690,16095,16
690,21884,17
690,44071,18
690,20365,19
690,37954,20
692,76347,1
692,179966,2
692,274783,3
692,274394,4
692,113864,5
692,211193,6
692,211063,7
692,519085,8
692,102294,9
692,102262,10
692,376681,11
692,274793,12
692,120066,13
692,29466,14
692,321368,15
692,274749,16
692,376546,17
692,211050,18
692,376499,19
692,227613,20
693,31100,1
693,62306,2
693,27703,3
693,19864,4
693,77335,5
693,36440,6
693,98099,7
693,37407,8
693,139847,9
693,70979,10
693,39678,11
693,139840,12
693,31917,13
693,10045,14
693,77351,15
693,734,16
693,25907,17
693,27097,18
693,46302,19
693,44857,20
695,55492,1
695,85113,2
695,77397,3
695,16960,4
695,9690,5
695,109044,6
695,74166,7
695,139962,8
695,139944,9
695,62302,10
695,148706,11
695,57634,12
695,89067,13
695,36447,14
695,17460,15
695,103944,16
695,81179,17
695,74160,18
695,103939,19
695,81175,20
700,3470,1
700,19796,2
700,57105,3
700,88209,4
700,64514,5
700,37203,6
700,23314,7
700,1917,8
700,14282,9
700,36230,10
700,70322,11
700,47587,12
700,33462,13
700,43115,14
700,33464,15
700,40563,16
700,24737,17
700,19798,18
700,138002,19
700,38309,20
702,22949,1
702,1509,2
702,85403,3
702,8838,4
702,31135,5
702,33704,6
702,93686,7
702,216524,8
702,1876,9
702,29029,10
702,24392,11
702,38617,12
702,53613,13
702,57803,14
702,51585,15
702,85401,16
702,36487,17
702,6738,18
702,18580,19
702,40903,20
706,72227,1
706,6971,2
706,52161,3
706,162643,4
706,222116,5
706,352338,6
706,151870,7
706,352183,8
706,6774,9
706,54191,10
706,6972,11
706,554322,12
706,554286,13
706,162632,14
706,82784,15
706,34849,16
706,58551,17
706,63351,18
706,50311,19
706,56290,20
707,3840,1
707,43916,2
707,7294,3
707,8594,4
707,7960,5
707,29209,6
707,7627,7
707,16773,8
707,35833,9
707,75406,10
707,95411,11
707,40106,12
707,27936,13
707,42583,14
707,95409,15
707,1659,16
707,9930,17
707,52172,18
707,54215,19
707,56305,20
717,5332,1
717,56746,2
717,31585,3
717,52685,4
717,23694,5
717,27499,6
717,41655,7
717,50719,8
717,76035,9
717,41662,10
717,119450,11
717,136454,12
717,83560,13
717,44287,14
717,245636,15
717,79614,16
717,52684,17
717,48933,18
717,66837,19
717,25714,20
719,77408,1
719,578145,2
719,578147,3
719,85145,4
719,121912,5
719,140090,6
719,578131,7
719,578137,8
719,578139,9
719,284039,10
719,284038,11
719,236267,12
719,140051,13
719,22482,14
719,103962,15
719,98184,16
719,201266,17
719,252151,18
719,121909,19
719,148768,20
725,12132,1
725,131320,2
725,160504,3
725,110564,4
725,99385,5
725,105096,6
725,10225,7
725,116995,8
725,90018,9
725,116965,10
725,160529,11
725,110513,12
725,219632,13
725,85987,14
725,68668,15
725,105108,16
725,74866,17
725,116963,18
725,116974,19
725,123278,20
726,20824,1
726,12915,2
726,6658,3
726,80126,4
726,12355,5
726,15317,6
726,15717,7
726,30891,8
726,9171,9
726,120227,10
726,64342,11
726,23747,12
726,59288,13
726,54915,14
726,26347,15
726,38227,16
726,19100,17
726,34292,18
726,67214,19
726,36191,20
727,62106,1
727,121202,2
727,108537,3
727,231077,4
727,199225,5
727,199240,6
727,51308,7
727,156500,8
727,128247,9
727,156507,10
727,156498,11
727,147597,12
727,156485,13
727,147608,14
727,108530,15
727,156499,16
727,183219,17
727,199254,18
727,231073,19
727,128256,20
736,60774,1
736,90592,2
736,54132,3
736,27911,4
736,5138,5
736,86554,6
736,28551,7
736,63262,8
736,36725,9
736,82631,10
736,24492,11
736,38889,12
736,46843,13
736,72092,14
736,86486,15
736,48488,16
736,63251,17
736,133266,18
736,50241,19
736,66125,20
739,28530,1
739,68998,2
739,18342,3
739,21387,4
739,82583,5
739,99998,6
739,123999,7
739,69037,8
739,32158,9
739,52077,10
739,69007,11
739,18343,12
739,25508,13
739,50211,14
739,42519,15
739,69002,16
739,86471,17
739,50222,18
739,69021,19
739,12422,20
743,69791,1
743,126146,2
743,31570,3
743,145355,4
743,113259,5
743,6060,6
743,10746,7
743,87523,8
743,35101,9
743,107084,10
743,31578,11
743,24186,12
743,47298,13
743,23217,14
743,209954,15
743,178313,16
743,47295,17
743,1724,18
743,136414,19
743,69767,20
745,82101,1
745,43721,2
745,160813,3
745,204297,4
745,219997,5
745,86081,6
745,290683,7
745,78242,8
745,99493,9
745,110678,10
745,71714,11
745,38783,12
745,28487,13
745,150805,14
745,150803,15
745,117153,16
745,150799,17
745,74936,18
745,173418,19
745,71710,20
747,242277,1
747,133550,2
747,242266,3
747,82763,4
747,162529,5
747,86658,6
747,100258,7
747,263193,8
747,263201,9
747,294224,10
747,222047,11
747,90719,12
747,174761,13
747,174758,14
747,242281,15
747,151809,16
747,151790,17
747,352144,18
747,151787,19
747,352103,20
749,83591,1
749,36098,2
749,91719,3
749,113332,4
749,101813,5
749,13054,6
749,35117,7
749,574,8
749,64027,9
749,31591,10
749,64024,11
749,83589,12
749,54713,13
749,101814,14
749,107188,15
749,79652,16
749,91711,17
749,59024,18
749,226358,19
749,101816,20
752,52061,1
752,48438,2
752,111306,3
752,78560,4
752,111278,5
752,56163,6
752,105762,7
752,2776,8
752,35774,9
752,75223,10
752,30572,11
752,22585,12
752,36712,13
752,58401,14
752,42513,15
752,60744,16
752,2273,17
752,40052,18
752,23515,19
752,111275,20
762,507308,1
762,507362,2
762,507368,3
762,507319,4
762,244365,5
762,153052,6
762,153049,7
762,507333,8
762,507332,9
762,308314,10
762,556693,11
762,556683,12
762,362145,13
762,507373,14
762,507313,15
762,308280,16
762,362208,17
762,362201,18
762,153059,19
762,362156,20
767,49014,1
767,17107,2
767,39298,3
767,87789,4
767,45805,5
767,38165,6
767,44351,7
767,37101,8
767,20791,9
767,37098,10
767,79814,11
767,4866,12
767,64167,13
767,4471,14
767,91910,15
767,14077,16
767,73027,17
767,16871,18
767,31636,19
767,59159,20
771,115471,1
771,43422,2
771,70907,3
771,85032,4
771,42130,5
771,44837,6
771,51438,7
771,51447,8
771,62268,9
771,15788,10
771,21659,11
771,22066,12
771,49552,13
771,70910,14
771,47937,15
771,35490,16
771,36438,17
771,42137,18
771,29001,19
771,62273,20
773,26882,1
773,24658,2
773,165423,3
773,91571,4
773,69740,5
773,12324,6
773,10834,7
773,101671,8
773,63958,9
773,12322,10
773,11306,11
773,52648,12
773,33293,13
773,804,14
773,3416,15
773,7469,16
773,4272,17
773,34183,18
773,79568,19
773,21926,20
774,39156,1
774,36016,2
774,24626,3
774,44184,4
774,3626,5
774,23659,6
774,21124,7
774,44185,8
774,21905,9
774,25672,10
774,18750,11
774,21123,12
774,4715,13
774,8879,14
774,29368,15
774,29365,16
774,21903,17
774,3438,18
774,11116,19
774,14738,20
776,144564,1
776,224666,2
776,144566,3
776,270411,4
776,308383,5
776,507593,6
776,208450,7
776,507634,8
776,153065,9
776,362475,10
776,507632,11
776,362495,12
776,135659,13
776,244407,14
776,308344,15
776,507617,16
776,362455,17
776,556836,18
776,208447,19
776,244402,20
778,9924,1
778,31276,2
778,41158,3
778,20273,4
778,142513,5
778,46708,6
778,23979,7
778,204827,8
778,35720,9
778,110863,10
778,188269,11
778,117313,12
778,142576,13
778,74987,14
778,37694,15
778,50037,16
778,34734,17
778,43770,18
778,21763,19
778,123597,20
779,5500,1
779,13794,2
779,36518,3
779,16725,4
779,6379,5
779,5956,6
779,6965,7
779,39785,8
779,77674,9
779,89462,10
779,60255,11
779,2993,12
779,116169,13
779,6484,14
779,21313,15
779,74475,16
779,25951,17
779,216804,18
779,5025,19
779,104395,20
785,101176,1
785,152918,2
785,38017,3
785,125278,4
785,79305,5
785,144451,6
785,112555,7
785,101211,8
785,106648,9
785,194164,10
785,125246,11
785,83233,12
785,48779,13
785,95887,14
785,79307,15
785,112545,16
785,75740,17
785,144452,18
785,63774,19
785,87175,20
793,15295,1
793,4031,2
793,25680,3
793,50613,4
793,56597,5
793,47202,6
793,7421,7
793,36997,8
793,32385,9
793,5081,10
793,1598,11
793,56602,12
793,31543,13
793,1704,14
793,1685,15
793,5353,16
793,15296,17
793,40316,18
793,44199,19
793,34132,20
795,15025,1
795,123993,2
795,32160,3
795,42514,4
795,33024,5
795,52066,6
795,31323,7
795,58401,8
795,68998,9
795,48438,10
795,78558,11
795,31327,12
795,60741,13
795,21387,14
795,82542,15
795,111326,16
795,33021,17
795,72021,18
795,69008,19
795,56177,20
800,46120,1
800,62005,2
800,59707,3
800,103171,4
800,53251,5
800,67668,6
800,47762,7
800,40709,8
800,36337,9
800,29592,10
800,36336,11
800,97570,12
800,80648,13
800,59697,14
800,80655,15
800,44686,16
800,61993,17
800,18862,18
800,25316,19
800,51224,20
809,63129,1
809,25469,2
809,12020,3
809,32141,4
809,71798,5
809,14848,6
809,111145,7
809,205350,8
809,78501,9
809,161419,10
809,90221,11
809,105370,12
809,90426,13
809,110847,14
809,41226,15
809,142989,16
809,37665,17
809,82224,18
809,123674,19
809,90435,20
810,8905,1
810,85744,2
810,122881,3
810,51750,4
810,122860,5
810,81793,6
810,141638,7
810,122859,8
810,42333,9
810,149980,10
810,89742,11
810,55782,12
810,94161,13
810,203182,14
810,68484,15
810,186324,16
810,65602,17
810,77920,18
810,77894,19
810,49856,20
818,23068,1
818,95295,2
818,100206,3
818,105984,4
818,33057,5
818,90691,6
818,133408,7
818,174703,8
818,56248,9
818,50290,10
818,124268,11
818,95299,12
818,143325,13
818,189591,14
818,90693,15
818,82706,16
818,69145,17
818,72157,18
818,100200,19
818,95284,20
828,228420,1
828,228398,2
828,180793,3
828,146324,4
828,167510,5
828,59275,6
828,247164,7
828,247145,8
828,522606,9
828,211463,10
828,180794,11
828,247162,12
828,522803,13
828,522564,14
828,247166,15
828,247154,16
828,247165,17
828,228413,18
828,247163,19
828,247146,20
834,4385,1
834,56840,2
834,18776,3
834,119733,4
834,59137,5
834,36133,6
834,79783,7
834,38146,8
834,87749,9
834,107357,10
834,59138,11
834,79791,12
834,91876,13
834,30852,14
834,52772,15
834,47384,16
834,48999,17
834,50788,18
834,47382,19
834,102004,20
838,188884,1
838,26666,2
838,43774,3
838,10368,4
838,54018,5
838,41184,6
838,29854,7
838,42464,8
838,48382,9
838,36676,10
838,71909,11
838,46771,12
838,71905,13
838,58310,14
838,34770,15
838,51988,16
838,63073,17
838,65944,18
838,151247,19
838,86334,20
846,89358,1
846,28386,2
846,39760,3
846,8838,4
846,149160,5
846,51597,6
846,20545,7
846,28387,8
846,42241,9
846,31138,10
846,109396,11
846,24393,12
846,49702,13
846,17982,14
846,34594,15
846,24876,16
846,46412,17
846,21673,18
846,55621,19
846,31965,20
857,73522,1
857,247935,2
857,29543,3
857,562489,4
857,277240,5
857,15968,6
857,380776,7
857,31746,8
857,120702,9
857,127691,10
857,247941,11
857,28879,12
857,146919,13
857,67467,14
857,51102,15
857,84320,16
857,32580,17
857,102907,18
857,108051,19
857,102906,20
871,48510,1
871,26094,2
871,50283,3
871,29199,4
871,58509,5
871,54160,6
871,35811,7
871,50276,8
871,54157,9
871,90661,10
871,69132,11
871,151695,12
871,43866,13
871,14506,14
871,124214,15
871,143277,16
871,8729,17
871,66158,18
871,72150,19
871,45338,20
872,19572,1
872,53831,2
872,32927,3
872,21731,4
872,35648,5
872,99167,6
872,48225,7
872,35647,8
872,31228,9
872,28466,10
872,15828,11
872,18616,12
872,32074,13
872,45093,14
872,27205,15
872,33799,16
872,42366,17
872,16740,18
872,32073,19
872,35649,20
874,150846,1
874,15615,2
874,71769,3
874,82168,4
874,123527,5
874,173614,6
874,173515,7
874,62947,8
874,62937,9
874,110721,10
874,71778,11
874,131521,12
874,131675,13
874,131534,14
874,105324,15
874,105289,16
874,86148,17
874,82144,18
874,290875,19
874,173480,20
890,27622,1
890,43190,2
890,80490,3
890,138472,4
890,120865,5
890,13598,6
890,127845,7
890,59558,8
890,156061,9
890,21616,10
890,212916,11
890,57231,12
890,88410,13
890,76812,14
890,59548,15
890,108150,16
890,67523,17
890,55132,18
890,22853,19
890,47672,20
903,57399,1
903,70592,2
903,31808,3
903,92871,4
903,147437,5
903,121080,6
903,88638,7
903,59734,8
903,121091,9
903,114712,10
903,73762,11
903,64814,12
903,43283,13
903,138702,14
903,114715,15
903,44694,16
903,64792,17
903,27051,18
903,97602,19
903,97585,20
906,56212,1
906,90589,2
906,15234,3
906,14017,4
906,90592,5
906,24980,6
906,46870,7
906,12422,8
906,37766,9
906,9001,10
906,31345,11
906,31347,12
906,111392,13
906,56217,14
906,58452,15
906,82550,16
906,34819,17
906,42544,18
906,86486,19
906,66104,20
917,262649,1
917,262644,2
917,241857,3
917,241965,4
917,491341,5
917,124196,6
917,105933,7
917,133345,8
917,205793,9
917,151678,10
917,189458,11
917,491072,12
917,46881,13
917,491073,14
917,241968,15
917,189456,16
917,554001,17
917,205807,18
917,221551,19
917,491061,20
922,27748,1
922,40915,2
922,5522,3
922,57807,4
922,46421,5
922,49711,6
922,27131,7
922,16012,8
922,53641,9
922,27751,10
922,51607,11
922,71211,12
922,16968,13
922,42246,14
922,93753,15
922,55634,16
922,25394,17
922,51606,18
922,93755,19
922,116072,20
926,26249,1
926,52549,2
926,20386,3
926,24628,4
926,20058,5
926,16600,6
926,30751,7
926,2963,8
926,45632,9
926,95980,10
926,5863,11
926,23190,12
926,15093,13
926,69616,14
926,35040,15
926,30754,16
926,45623,17
926,10742,18
926,39160,19
926,22728,20
940,18349,1
940,100249,2
940,38923,3
940,42565,4
940,41317,5
940,52145,6
940,100247,7
940,40093,8
940,34845,9
940,69186,10
940,58539,11
940,27292,12
940,82757,13
940,86654,14
940,106026,15
940,21791,16
940,38924,17
940,4737,18
940,41314,19
940,95353,20
941,4580,1
941,24654,2
941,16852,3
941,3200,4
941,113074,5
941,3356,6
941,3550,7
941,48836,8
941,75833,9
941,40332,10
941,194950,11
941,40328,12
941,9878,13
941,69711,14
941,4023,15
941,7552,16
941,4621,17
941,36054,18
941,34148,19
941,31549,20
948,202727,1
948,238816,2
948,202786,3
948,218338,4
948,172222,5
948,218328,6
948,285964,7
948,122791,8
948,172214,9
948,186151,10
948,218337,11
948,218367,12
948,172224,13
948,218334,14
948,202760,15
948,285928,16
948,130430,17
948,202665,18
948,218324,19
948,202770,20
964,23990,1
964,30543,2
964,71859,3
964,45193,4
964,29852,5
964,58263,6
964,51946,7
964,94845,8
964,26041,9
964,37682,10
964,23993,11
964,12270,12
964,27240,13
964,13169,14
964,36660,15
964,30539,16
964,46718,17
964,30532,18
964,8648,19
964,35734,20
975,20188,1
975,39572,2
975,55373,3
975,73743,4
975,38437,5
975,21648,6
975,32665,7
975,34442,8
975,62163,9
975,93076,10
975,139010,11
975,57507,12
975,38498,13
975,57384,14
975,40719,15
975,25345,16
975,30340,17
975,59716,18
975,76978,19
975,43281,20
981,103050,1
981,103051,2
981,64684,3
981,73595,4
981,156081,5
981,97382,6
981,80498,7
981,43188,8
981,46039,9
981,230329,10
981,27619,11
981,24761,12
981,35306,13
981,67553,14
981,38353,15
981,70438,16
981,108205,17
981,24284,18
981,51138,19
981,8204,20
989,214961,1
989,62235,2
989,121514,3
989,234043,4
989,88907,5
989,121512,6
989,40811,7
989,74014,8
989,81025,9
989,9462,10
989,128569,11
989,214963,12
989,214967,13
989,157147,14
989,148195,15
989,42108,16
989,128582,17
989,139389,18
989,43395,19
989,74017,20
991,225831,1
991,370265,2
991,370221,3
991,370267,4
991,370269,5
991,370213,6
991,370261,7
991,370252,8
991,370262,9
991,370260,10
991,370214,11
991,370236,12
991,370210,13
991,370263,14
991,370274,15
991,370273,16
991,113079,17
991,101586,18
991,559098,19
991,559154,20
992,28893,1
992,12236,2
992,88477,3
992,12096,4
992,30267,5
992,31755,6
992,47688,7
992,31763,8
992,46055,9
992,49304,10
992,73605,11
992,80520,12
992,64688,13
992,103044,14
992,61886,15
992,17659,16
992,40636,17
992,67570,18
992,53182,19
992,76842,20
994,86401,1
994,174239,2
994,117564,3
994,95028,4
994,86395,5
994,78512,6
994,16048,7
994,40023,8
994,78516,9
994,99916,10
994,78523,11
994,111143,12
994,25492,13
994,95029,14
994,48418,15
994,132935,16
994,11776,17
994,33011,18
994,151385,19
994,161836,20
1030,4397,1
1030,5163,2
1030,10657,3
1030,47370,4
1030,24674,5
1030,5117,6
1030,15117,7
1030,12070,8
1030,28762,9
1030,42953,10
1030,15925,11
1030,21942,12
1030,9884,13
1030,3100,14
1030,36125,15
1030,42959,16
1030,26307,17
1030,107374,18
1030,26909,19
1030,27520,20
1037,21556,1
1037,27531,2
1037,39329,3
1037,166394,4
1037,50845,5
1037,76258,6
1037,136908,7
1037,42976,8
1037,16380,9
1037,19421,10
1037,49050,11
1037,76247,12
1037,20103,13
1037,273603,14
1037,49024,15
1037,49039,16
1037,67086,17
1037,83804,18
1037,45828,19
1037,196140,20
1058,124182,1
1058,28552,2
1058,27277,3
1058,28551,4
1058,69118,5
1058,45329,6
1058,72125,7
1058,43859,8
1058,100152,9
1058,117754,10
1058,54137,11
1058,40066,12
1058,63262,13
1058,90621,14
1058,21392,15
1058,50255,16
1058,42549,17
1058,32172,18
1058,75295,19
1058,42540,20
1076,128014,1
1076,182881,2
1076,213110,3
1076,103147,4
1076,531216,5
1076,25310,6
1076,198953,7
1076,230710,8
1076,168944,9
1076,64771,10
1076,53239,11
1076,531355,12
1076,120992,13
1076,248588,14
1076,138619,15
1076,168929,16
1076,248645,17
1076,97540,18
1076,156238,19
1076,80631,20
1078,75886,1
1078,52589,2
1078,13051,3
1078,72699,4
1078,56651,5
1078,136000,6
1078,91458,7
1078,75884,8
1078,79467,9
1078,41624,10
1078,136001,11
1078,87354,12
1078,144882,13
1078,135999,14
1078,106892,15
1078,31559,16
1078,3831,17
1078,91462,18
1078,177982,19
1078,4020,20
1081,134172,1
1081,124746,2
1081,356281,3
1081,72394,4
1081,264437,5
1081,175562,6
1081,63493,7
1081,190481,8
1081,207176,9
1081,555631,10
1081,95621,11
1081,163352,12
1081,190472,13
1081,175567,14
1081,111964,15
1081,190482,16
1081,152358,17
1081,264435,18
1081,243289,19
1081,190471,20
1118,161463,1
1118,33865,2
1118,16042,3
1118,20273,4
1118,82224,5
1118,20614,6
1118,23490,7
1118,37677,8
1118,82227,9
1118,34751,10
1118,56013,11
1118,46718,12
1118,12019,13
1118,78323,14
1118,132669,15
1118,4466,16
1118,11265,17
1118,99710,18
1118,94750,19
1118,28494,20
1183,38913,1
1183,43884,2
1183,100203,3
1183,86623,4
1183,43885,5
1183,72164,6
1183,90691,7
1183,78709,8
1183,90693,9
1183,72162,10
1183,72159,11
1183,72167,12
1183,95299,13
1183,66172,14
1183,63291,15
1183,105979,16
1183,75323,17
1183,95302,18
1183,36746,19
1183,205996,20
1214,5679,1
1214,43399,2
1214,46265,3
1214,55428,4
1214,121542,5
1214,77263,6
1214,157184,7
1214,77257,8
1214,40816,9
1214,108790,10
1214,74028,11
1214,115285,12
1214,103684,13
1214,128624,14
1214,200354,15
1214,139501,16
1214,3612,17
1214,55420,18
1214,121579,19
1214,19513,20
1256,155072,1
1256,228357,2
1256,211420,3
1256,561228,4
1256,228351,5
1256,595375,6
1256,196915,7
1256,50913,8
1256,595378,9
1256,137430,10
1256,92165,11
1256,5473,12
1256,595354,13
1256,137415,14
1256,47489,15
1256,155101,16
1256,522085,17
1256,595368,18
1256,196879,19
1256,595377,20
